"rank","expected","before","after"
1,3.92699081703863e-11,4.20675164690499e-11,3.02502274755131e-11
554,4.81240416626556e-05,7.72488017412502e-05,5.55486518107829e-05
1107,0.00019233156082707,0.000299988631651016,0.000215718091040331
1660,0.000432650312023667,0.000634344692176652,0.000456149372410561
2213,0.000769126495464966,0.00112999420538006,0.000812564767970259
2766,0.00120182482519219,0.00170267142024038,0.00122436982502214
3319,0.0017308285695511,0.00248882881638345,0.00178968582323138
3872,0.00235623960331973,0.0032843657276772,0.00236174651403799
4426,0.00307957148249746,0.00429762194170437,0.00309036644547249
4979,0.00389835241865686,0.00550373742281864,0.00395766907533627
5532,0.00481395890780372,0.00680160086079326,0.00489094651898496
6085,0.00582656804180181,0.00820742094998165,0.00590185424677731
6638,0.006936375957503,0.00977770549730216,0.00703102631931163
7191,0.0081435979607847,0.0113862103971928,0.00818768217164767
7744,0.00944846866304761,0.0132802291639691,0.00954964749184966
8297,0.0108512421303548,0.0151851562072709,0.0109194568179251
8850,0.0123521920454111,0.0171803173080511,0.0123541523315835
9403,0.0139516118825989,0.0194518133994598,0.0139875568974415
9956,0.015649815096307,0.0217180003214711,0.0156171437056694
10509,0.017447135322804,0.0243074227762022,0.0174791651621404
11062,0.0193439265959334,0.0269412962593067,0.0193731507998295
11615,0.0213405635769215,0.0297289137599901,0.021377691846897
12168,0.0234374417986144,0.0325875961437082,0.0234333347668049
12722,0.0256390432060504,0.0356518885390481,0.0256368292868277
13275,0.0279378585278677,0.038762940800272,0.0278739482443841
13828,0.0303382304359074,0.0420986006247787,0.030272579704991
14381,0.0328406407327717,0.0455826038068027,0.0327778830275481
14934,0.035445593543484,0.0489538856328396,0.0352021298260656
15487,0.0381536156542175,0.0527286921799805,0.0379165462288281
16040,0.0409652568683131,0.056974274383689,0.0409694915464501
16593,0.0438810903801034,0.0611561020653565,0.0439765917808295
17146,0.0469017131670853,0.0655351579383896,0.0471255163527065
17699,0.0500277464010181,0.0698604469621511,0.0502357778525122
18252,0.0532598358785561,0.0740008135911344,0.0532130639599751
18805,0.0565986524720572,0.0783882760599523,0.0563680336102435
19358,0.060044892601249,0.082823029054858,0.059557009289193
19911,0.0635992787264674,0.0873636747042091,0.0628221310579008
20464,0.0672625598642266,0.0924854286230233,0.0665051205500834
21018,0.0710424346454442,0.0974917794520865,0.0701051251168566
21571,0.0749260623188039,0.103360702772576,0.0743253948257132
22124,0.0789209984295557,0.108828737562003,0.0782573905817707
22677,0.0830281039028956,0.11469435869152,0.082475285726201
23230,0.0872482691637435,0.120315281998819,0.0865172217124465
23783,0.0915824148047539,0.126671066572624,0.0910875872885651
24336,0.0960314922832658,0.132955405544156,0.0956065772213781
24889,0.100596484648355,0.139352944537434,0.100206967880819
25442,0.105278407299213,0.145437480201096,0.104582281741909
25995,0.110078308776154,0.151990535018677,0.109294501894891
26548,0.114997271585606,0.158832352894013,0.114214367968449
27101,0.120036413060545,0.166313372363415,0.119593875952113
27654,0.125196886257873,0.173640760449147,0.12486290952004
28207,0.130479880894377,0.18136816501824,0.130419589962119
28760,0.135886624322942,0.189130901861704,0.136001677402914
29314,0.141428499751044,0.196638589182356,0.141400361906474
29867,0.147086808137077,0.20427562588727,0.146892059942237
30420,0.152872786067696,0.212082876835622,0.152506156921787
30973,0.158787822149736,0.220128348979243,0.158291555797699
31526,0.16483334818002,0.228936172092939,0.164625151767155
32079,0.171010840404808,0.237978499040927,0.171127376524964
32632,0.177321820834467,0.246876920531571,0.177526120659598
33185,0.183767858616047,0.255560681315671,0.183770504952054
33738,0.19035057146657,0.264663629369251,0.19031632159234
34291,0.197071627170032,0.274298445167419,0.197244597707562
34844,0.203932745141289,0.284376124990313,0.204491331830605
35397,0.21093569806018,0.294592242163598,0.211837614529174
35950,0.218082313579485,0.304571139522295,0.219013315411766
36503,0.225374476110466,0.314596164833955,0.226222186331174
37056,0.23281412869006,0.325128690168049,0.233795994199826
37610,0.240417135175429,0.336032517218954,0.241636800511419
38163,0.2481581173006,0.346994157404238,0.249519179528339
38716,0.256052794240797,0.35881597733615,0.25802010309434
39269,0.264103364118881,0.370704230672354,0.266568798094466
39822,0.272312094407701,0.382819548557962,0.27528077238578
40375,0.280681324387256,0.393657856113436,0.283074464443733
40928,0.28921346771986,0.405437561655087,0.291545104075899
41481,0.297911015149935,0.4172371287926,0.30003002593443
42034,0.306776537335506,0.429287547896529,0.308695332319638
42587,0.315812687818982,0.442177954720718,0.317964663419099
43140,0.325022206145276,0.455082191582975,0.32724393952679
43693,0.334407921135912,0.468159001979716,0.336647311115094
44246,0.343972754328355,0.480666232507828,0.345641104909469
44799,0.353719723590443,0.494079153411299,0.35528616937957
45352,0.363651946920508,0.507692849253967,0.365075608609388
45906,0.373791120607187,0.521556859238445,0.375045045622905
46459,0.384103976716835,0.534727352270266,0.384515783228021
47012,0.394612089034457,0.549435767226342,0.395092421346244
47565,0.405319018426955,0.564494232209883,0.405920776082119
48118,0.416228448114156,0.579905517793007,0.417002839719572
48671,0.427344188853111,0.594718855562473,0.427654926526922
49224,0.438670184407439,0.610556534854618,0.439043604573179
49777,0.450210517320479,0.626283713236248,0.450352822790097
50330,0.461969415012517,0.642700925968595,0.462158236119709
50883,0.473951256223941,0.660036930258542,0.474624341022127
51436,0.486160577827897,0.677035117557275,0.486847525930994
51989,0.498602082037959,0.695555109356348,0.500165021514048
52542,0.511280644038367,0.714650926757135,0.513896586119951
53095,0.524201320066692,0.732232959318725,0.526539606890176
53649,0.537393395298141,0.750437575520797,0.539630319806929
54202,0.55081469787219,0.769805755632308,0.553557737047995
54755,0.564494468235218,0.789006643179687,0.567364856288498
55308,0.578438578308983,0.81013444546631,0.582557595933546
55861,0.592653129521534,0.828739534868572,0.595936284143836
56414,0.607144464390253,0.848145403625796,0.609890802820922
56967,0.621919178851525,0.868639204309167,0.624627639804534
57520,0.636984135395291,0.889981670675907,0.639974741717654
58073,0.652346477068041,0.911328888166821,0.65532526010503
58626,0.66801364241382,0.93345701158675,0.671237318225969
59179,0.683993381429325,0.956469887184431,0.687785590625356
59732,0.700293772616517,0.978604935588801,0.703702628416411
60285,0.716923241224281,1.00261420023038,0.720967391775141
60838,0.733890578779666,1.02444259825186,0.736663921092759
61391,0.751204964019325,1.04894890187418,0.754286098995856
61945,0.768908269202223,1.07483789682776,0.77290255302481
62498,0.78694662116907,1.09963321881719,0.790732560438266
63051,0.805362132640107,1.12521032214074,0.809124737078198
63604,0.82416577395474,1.15114022171136,0.827770605108119
64157,0.843369033114078,1.17679785828282,0.846220692204223
64710,0.862983948172053,1.20186320519353,0.86424487117755
65263,0.883023142203433,1.22824128986696,0.883213023536315
65816,0.903499861098164,1.25742653763968,0.90419977193881
66369,0.92442801446001,1.28716921355806,0.925587359982507
66922,0.945822219919927,1.31526372919686,0.945789776483929
67475,0.96769785121137,1.34536278319519,0.96743363156905
68028,0.990071090396596,1.37648480399422,0.989813089347623
68581,1.01295898468075,1.40872844536808,1.01299909052065
69134,1.03637950830503,1.4427271224844,1.03744711605104
69687,1.06035163007279,1.47723935689441,1.06226443423903
70241,1.08494030046592,1.51177746710423,1.08710035939259
70794,1.11007797100127,1.54596080682724,1.11168117350494
71347,1.13583092866806,1.58239852104461,1.13788308025582
71900,1.16222293465617,1.62201495795555,1.16637076692986
72453,1.18927919210204,1.66023650618085,1.19385540651233
73006,1.21702646394633,1.69760536997053,1.22072689133058
73559,1.24549320306793,1.73682290357543,1.24892773160242
74112,1.27470969625899,1.77634298967281,1.27734613360571
74665,1.30470822384319,1.81815268104413,1.30741096226261
75218,1.3355232370189,1.85842841439196,1.33637274079811
75771,1.36719155533911,1.90263327803154,1.36815990802024
76324,1.39975258713166,1.95073646421972,1.40275031046437
76877,1.43324857612867,1.99640490482646,1.43558991766633
77430,1.46772487813048,2.04540857149335,1.47082784441435
77983,1.50323027219652,2.09604295917536,1.50723840234665
78537,1.53988448603483,2.14835894852553,1.5448581791075
79090,1.57761200823528,2.2004813180304,1.58233872624761
79643,1.61653936267844,2.25095427655756,1.61863320248397
80196,1.65673304095649,2.30781943780758,1.65952423213413
80749,1.69826525702444,2.36480339610302,1.70050068726098
81302,1.7412146194455,2.42655925604686,1.74490855746701
81855,1.78566690514583,2.48949483845543,1.79016475141332
82408,1.83171595362046,2.55549768655768,1.83762657794148
82961,1.87946470478393,2.62389679121194,1.88681152272982
83514,1.92902640903881,2.6936167679722,1.9369462902086
84067,1.98052604498688,2.76559260274917,1.98870321710836
84620,2.03410198900427,2.83694345394736,2.04001072609585
85173,2.0899079922839,2.90990020554595,2.0924730180725
85726,2.14811553580542,2.988887296169,2.14927165178158
86279,2.20891665326332,3.07741815422707,2.21293308986122
86833,2.27264505414004,3.17245078813401,2.28126987402573
87386,2.33931516356099,3.26515038241564,2.34792899843518
87939,2.4093167430405,3.36468364956953,2.41950213194786
88492,2.48296659455494,3.47355208913934,2.49778807174927
89045,2.56062881499293,3.58301321456415,2.57650020457181
89598,2.64272466711445,3.69492609532746,2.65697536414109
90151,2.72974516276544,3.81595262230361,2.74400403326382
90704,2.8222673036927,3.94903536262754,2.83970217534038
91257,2.9209753331807,4.09328919902563,2.94343331355645
91810,3.02668897387181,4.24981845257264,3.05599155145131
92363,3.14040159904029,4.40462604137054,3.16731176165477
92916,3.26333284419184,4.57153374992259,3.28733301736239
93469,3.3970027456257,4.76113466229919,3.4236726734763
94022,3.54333891016416,4.96325247070742,3.56901307372788
94575,3.70483609281311,5.19487302134242,3.73556852869198
95129,3.88514692088014,5.45094989574915,3.91971022167072
95682,4.08814550593658,5.76203285732385,4.14340610726725
96235,4.32053868807036,6.08901823983455,4.3785372258203
96788,4.59181385596836,6.46520369001309,4.64904750063653
97341,4.91691275847932,6.88966659480623,4.9542734921532
97894,5.32140666713168,7.47907444493522,5.37810934077937
98447,5.85475732049333,8.22582239249981,5.91508649504805
99000,6.63400613930722,9.29694919211786,6.68532044426165
99001,6.63578751918402,9.30310657679269,6.68974814293991
99006,6.64472190707421,9.30797985273623,6.6932524550129
99011,6.65370245043502,9.31968474215441,6.70166929530192
99016,6.66272962035018,9.32495249089597,6.70545726785393
99021,6.67180389512965,9.34339208104374,6.7187169476103
99026,6.68092576045804,9.35618892936219,6.72791900195281
99031,6.69009570954665,9.37050836903439,6.738215932786
99036,6.69931424328974,9.37964604290705,6.74478672033055
99041,6.70858187042461,9.38623714330732,6.74952629858849
99046,6.71789910769606,9.40291367388432,6.76151818415244
99051,6.72726648002503,9.41689748820939,6.77157377097606
99056,6.7366845206818,9.42952831004685,6.78065643774264
99061,6.74615377146381,9.4334695145566,6.78349050884915
99066,6.75567478287811,9.43512718577399,6.78468251958842
99071,6.76524811432885,9.44576973715122,6.79233544581519
99076,6.77487433430979,9.45956094841588,6.80225253417542
99081,6.78455402060194,9.47126045020367,6.81066550028648
99086,6.79428776047686,9.48694204902467,6.82194194280868
99091,6.80407615090523,9.49759946246586,6.82960555616066
99096,6.81391979877141,9.51223979979774,6.84013324050669
99102,6.8258059855175,9.53567137542641,6.85698259488677
99107,6.83577338625598,9.54065995387696,6.86056981955737
99112,6.84579805568942,9.55696397775791,6.87229384019281
99117,6.85588064481977,9.56281135545128,6.87649861670938
99122,6.86602181577863,9.5724447379749,6.88342586217472
99127,6.87622224208207,9.58925624723875,6.8955148092323
99132,6.88648260889275,9.60752434976107,6.90865117437172
99137,6.89680361328971,9.61823954817301,6.91635634017691
99142,6.90718596454582,9.63103657910878,6.92555852583726
99147,6.91763038441364,9.63603149468717,6.92915030745761
99152,6.92813760741944,9.6664797464162,6.95104526628439
99157,6.93870838116606,9.67640061167281,6.9581792370047
99162,6.94934346664472,9.68318989166664,6.96306132374162
99167,6.96004363855625,9.70651485199587,6.97983401238692
99172,6.97080968564193,9.72444912526811,6.99273032506781
99177,6.98164241102441,9.74756558563174,7.00935308398306
99182,6.99254263255903,9.76023520085036,7.01846364658717
99187,7.0035111831959,9.77428791542367,7.02856877872169
99192,7.01454891135318,9.79648314622184,7.04452909292303
99197,7.02565668130199,9.80513571774174,7.05075104940382
99202,7.03683537356331,9.815011979954,7.05785294663011
99207,7.04808588531738,9.82190995160574,7.06281319218533
99212,7.05940913082611,9.83597337244984,7.07292602306592
99217,7.07080604186889,9.84884421752442,7.08218128755473
99222,7.08227756819245,9.86448406216041,7.09342770516221
99227,7.09382467797516,9.88330955993166,7.10696488628719
99232,7.1054483583065,9.89619276247461,7.11622903687769
99237,7.1171496156822,9.90729409585893,7.12421186753526
99242,7.12892947651547,9.91905229665008,7.13266704336901
99247,7.14078898766562,9.93873289678286,7.14681911795866
99252,7.15272921698388,9.94881436808612,7.15406857848804
99257,7.1647512538777,9.9606681642643,7.16259249577472
99262,7.17685620989425,9.98168244231219,7.17770360155274
99267,7.18904521932357,9.99966779404675,7.1906366441201
99272,7.20131943982252,10.0116933381619,7.19928406321049
99277,7.21368005306029,10.0216260399263,7.20642654541627
99282,7.22612826538616,10.0399610789378,7.21961104375187
99287,7.23866530852088,10.0458129666666,7.22381906337882
99292,7.25129244027214,10.0650905940416,7.23768136527413
99297,7.26401094527568,10.073083886238,7.24342924219948
99303,7.27939561358392,10.0945066758119,7.2588341035311
99308,7.29231979882771,10.1083855721876,7.26881424516321
99313,7.30533965756044,10.1248713772049,7.28066898235116
99318,7.31845659580568,10.1555444500018,7.3027256072095
99323,7.33167205072187,10.1760826126587,7.31749434433612
99328,7.34498749152729,10.1919914099015,7.32893416241545
99333,7.35840442045957,10.204140280575,7.33767026409893
99338,7.37192437377142,10.2347613634717,7.35968950366712
99343,7.38554892276412,10.2585279386931,7.3767797520846
99348,7.39927967486046,10.2738996965958,7.38783339185903
99353,7.41311827471917,10.2866630970525,7.3970113942605
99358,7.42706640539253,10.322077199658,7.4224772346423
99363,7.44112578952931,10.3429873136714,7.43751343735965
99368,7.45529819062519,10.355953231848,7.44683706773271
99373,7.46958541432286,10.3751643734748,7.46065156055407
99378,7.48398930976423,10.3994014006433,7.47808010511093
99383,7.49851177099736,10.4418183104835,7.50858157701075
99388,7.51315473844053,10.4567512966644,7.51931970150149
99393,7.5279202004066,10.474711979006,7.53223500461542
99398,7.54281019469038,10.493877943466,7.54601701109846
99403,7.55782681022221,10.5159414391983,7.56188259625366
99408,7.57297218879141,10.527085509941,7.56989615881373
99413,7.58824852684264,10.5477212729123,7.58473507911152
99418,7.60365807734926,10.5771810386046,7.6059192299331
99423,7.61920315176762,10.5865695270486,7.61267037511393
99428,7.63488612207648,10.609348493175,7.62905044612406
99433,7.65070942290604,10.6184174743883,7.63557183763229
99438,7.66667555376135,10.6509837025751,7.65898980696722
99443,7.68278708134519,10.6652830878747,7.66927231695073
99448,7.69904664198579,10.6800267674347,7.67987431340666
99453,7.71545694417507,10.7032720570712,7.69658971184847
99458,7.7320207712236,10.710202612151,7.70157338774126
99463,7.74874098403867,10.7483397137627,7.72899730281501
99468,7.76562052403245,10.7569340055294,7.73517735105072
99473,7.78266241616756,10.7795426489699,7.75143494513736
99478,7.79986977214797,10.8203246209781,7.78076075359234
99483,7.81724579376362,10.839751250596,7.79473020114592
99488,7.83479377639763,10.8938455131312,7.83362871201981
99493,7.85251711270589,10.9321788923685,7.86119376789107
99498,7.87041929647906,10.9689259256807,7.88761810215293
99504,7.89214307068117,11.0008205363655,7.9105531197019
99509,7.91045154170935,11.0234714774864,7.92684112952399
99514,7.92895076853035,11.0435541390561,7.94128232148848
99519,7.94764471645903,11.0747649843086,7.96372565182592
99524,7.96653747542693,11.0874847215141,7.97287225652695
99529,7.98563326525343,11.12720733776,8.00143629543908
99534,8.00493644119828,11.1658729284177,8.02924024040772
99539,8.02445149981392,11.1746268513029,8.03553507739371
99544,8.04418308511722,11.1861076367108,8.04379076727841
99549,8.06413599510157,11.251354169602,8.09070873695223
99554,8.08431518861233,11.3038828510243,8.12848145793476
99559,8.10472579261018,11.3256821645445,8.14415707294953
99564,8.12537310984862,11.3386204074584,8.15346080238565
99569,8.146262626995,11.3475457878259,8.1598789323131
99574,8.16740002322525,11.3798992349111,8.18314389340642
99579,8.1887911793265,11.4389527681136,8.22560855408875
99584,8.21044218734385,11.4561615066697,8.23798314378602
99589,8.2323593608107,11.5045165063394,8.27275462217037
99594,8.25454924560556,11.5279858745155,8.28963115270091
99599,8.27701863148195,11.5635069928717,8.31517394677699
99604,8.29977456432209,11.6148662227776,8.35210572973033
99609,8.32282435916947,11.6398806138802,8.37009326701631
99614,8.34617561410059,11.683934681443,8.40177199865655
99619,8.36983622500142,11.714097058584,8.42346138862542
99624,8.39381440132043,11.7376288957104,8.44038283980053
99629,8.41811868287644,11.7466329628743,8.44685755242383
99634,8.44275795780739,11.8104090762147,8.49271816170111
99639,8.46774148175409,11.8411573606436,8.51482887030783
99644,8.49307889838229,11.8594897373523,8.52801145421463
99649,8.51878026135678,11.9041475903879,8.56012436047306
99654,8.54485605789228,11.919746849091,8.57134159324136
99659,8.57131723401922,11.9527596327406,8.5950806750513
99664,8.59817522171575,11.9901358132154,8.62195742120677
99669,8.62544196807497,12.0254774100461,8.64737112358833
99674,8.65312996669183,12.0471299475596,8.66294119380358
99679,8.68125229147661,12.1030710680899,8.70316775727383
99684,8.70982263312316,12.170127850512,8.751387454853
99689,8.7388553384858,12.1979851994135,8.77141932770566
99694,8.76836545314789,12.2826463961603,8.83229814050229
99699,8.79836876749743,12.3219979001219,8.86059531719015
99705,8.83504717928221,12.3727272316937,8.89707414809179
99710,8.86619511197383,12.4326378646853,8.94015513856414
99715,8.89789238825958,12.4756273060904,8.97106831078592
99720,8.93015852446394,12.5204242792,9.00328125655786
99725,8.96301409334293,12.5360086382723,9.01448777518716
99730,8.99648080165676,12.5911831099828,9.05416305103359
99735,9.03058157499093,12.6802352603893,9.11819934395245
99740,9.06534065065521,12.7809135214733,9.19059582834843
99745,9.10078367960061,12.8076171527108,9.20979807718929
99750,9.13693783842554,12.8686233213054,9.25366685367753
99755,9.17383195269327,12.9111126872789,9.28422042788094
99760,9.2114966329595,12.9208396286801,9.29121495037056
99765,9.24996442511442,12.9709678799696,9.32726155192295
99770,9.28926997688537,13.0421699112912,9.37846204638952
99775,9.32945022262964,13.0800670183034,9.40571338433403
99780,9.37054458888186,13.1356630583047,9.44569180469109
99785,9.41259522351657,13.2008566128569,9.49257167830075
99790,9.45564725185733,13.2943282304573,9.55978595506928
99795,9.49974906362499,13.3554887006878,9.60376568794328
99800,9.54495263528995,13.419041143359,9.64946545842633
99801,9.554130408364,13.4260381653422,9.65449692984205
99802,9.56335494245428,13.4264207036891,9.65477200840582
99803,9.57262671216012,13.4278647503893,9.65581040441375
99804,9.58194619932815,13.4396038919969,9.66425187502589
99805,9.59131389320124,13.4589808776044,9.67818562418948
99806,9.60073029057019,13.4717191031213,9.68734552360509
99807,9.61019589592935,13.4774148599345,9.69144127143395
99808,9.61971122163731,13.4872029280892,9.69847974941127
99809,9.62927678808025,13.5246203542284,9.72538615481057
99810,9.63889312384108,13.5253923266521,9.72594127057165
99811,9.64856076587205,13.5265689252637,9.72678734798803
99812,9.65828025967188,13.5286392838451,9.72827611707405
99813,9.66805215946874,13.5366105817947,9.73400817821024
99814,9.67787702840642,13.5618741744697,9.75217491324516
99815,9.68775543873724,13.572705718587,9.75996374179886
99816,9.69768797201902,13.5890362822896,9.77170684688971
99817,9.70767521931745,13.5895600668144,9.7720834938219
99818,9.71771778141505,13.5951034944817,9.77606970365806
99819,9.72781626902431,13.601140108311,9.78041055752455
99820,9.73797130300841,13.6085270577355,9.78572242090979
99821,9.7481835146063,13.6323899363097,9.80288191986959
99822,9.75845354566588,13.6422973407649,9.81000621109508
99823,9.76878204888243,13.6433744741524,9.8107807643069
99824,9.77916968804392,13.6516027694811,9.81669762905961
99825,9.78961713828441,13.6629077568098,9.82482690473367
99826,9.80012508634293,13.6788702491444,9.83630533428524
99827,9.81069423083161,13.6991066522266,9.85085707985765
99828,9.82132528251036,13.7099689385607,9.85866801475687
99829,9.83201896456956,13.7466043775961,9.88501210296331
99830,9.84277601292223,13.747000522744,9.88529696600829
99831,9.85359717650297,13.7633033359332,9.89702011605036
99832,9.86448321757763,13.8152851985467,9.93439962643378
99833,9.8754349120609,13.8206091142957,9.93822798798176
99834,9.88645304984356,13.8341784918659,9.94798555849347
99835,9.89753843513067,13.8417633708377,9.95343975055255
99836,9.90869188678831,13.8584728542905,9.96545533211935
99837,9.91991423870266,13.8789040374524,9.98014714162268
99838,9.93120634014896,13.9011087272639,9.99611425768276
99839,9.94256905617179,13.9448632213993,10.0275775698002
99840,9.95400326797848,13.9801120687446,10.0529245771813
99841,9.96550987334292,14.0046980992711,10.0706040857088
99842,9.97708978702417,14.0261392858187,10.0860221760752
99843,9.98874394119618,14.0487975312782,10.1023154383563
99844,10.0004732858933,14.0769141514048,10.1225337499198
99845,10.0122787894685,14.0834557635438,10.127237741785
99846,10.0241614390669,14.1062702905522,10.1436433841827
99847,10.0361222411155,14.1149598409382,10.1498919317058
99848,10.0481622218273,14.1164201459399,10.150942018856
99849,10.0602824277236,14.1389919913747,10.1671731519549
99850,10.072483926173,14.15070529541,10.1755960430903
99851,10.0847678059475,14.1507634994799,10.1756378969125
99852,10.0971351777995,14.1830171728186,10.1988311119465
99853,10.1095871750557,14.185389859009,10.2005372810531
99854,10.1221249542333,14.1940498057411,10.2067645409572
99855,10.1347496956763,14.2065057269701,10.2157214388732
99856,10.1474626042136,14.220104634266,10.2255002438432
99857,10.1602649098415,14.2264292252227,10.2300481784774
99858,10.1731578684273,14.2848125717771,10.272030916283
99859,10.1861427624411,14.2940610968589,10.2786814155523
99860,10.199220901711,14.3327105046768,10.3064737236423
99861,10.2123936242056,14.3351716353974,10.3082434921095
99862,10.2256622968471,14.3415574317811,10.3128354388046
99863,10.2390283163499,14.3421468404649,10.3132592752527
99864,10.2524931100938,14.4152838710932,10.3658512036357
99865,10.2660581370263,14.4703530760235,10.4054507834508
99866,10.2797248886007,14.4704928164729,10.4055512690685
99867,10.2934948897475,14.5121337758537,10.4354947646513
99868,10.3073696998829,14.5802092325349,10.4844469782106
99869,10.3213509139565,14.5903127785566,10.4917123123953
99870,10.3354401635374,14.6781295355505,10.5548602492882
99871,10.3496391179437,14.6904567059187,10.5637245640628
99872,10.363949485415,14.7038715698046,10.5733710257073
99873,10.3783730143299,14.7066515135619,10.5753700486611
99874,10.3929114944743,14.731403129739,10.5931686277689
99875,10.4075667583564,14.7850747910523,10.6317632513643
99876,10.4223406825777,14.7965074894608,10.6399843624862
99877,10.4372351892574,14.8297856225895,10.6639142538038
99878,10.4522522475147,14.8482472892249,10.6771898084876
99879,10.467393875014,14.8565004973946,10.6831245877542
99880,10.4826621395706,14.8879043325173,10.7057066947051
99881,10.4980591608276,14.9198947295443,10.7287105910205
99882,10.5135871119988,14.921462023187,10.7298376123707
99883,10.52924822169,14.9394011186321,10.7427373926161
99884,10.545044775795,14.9548312647808,10.7538330186515
99885,10.560979119474,14.9667060362788,10.7623720190296
99886,10.5770536592203,14.9846238556771,10.7752564999346
99887,10.5932708650146,14.9948445407772,10.7826060673724
99888,10.6096332725774,15.0068553152738,10.7912428658139
99889,10.6261434857206,15.0806620772518,10.8443163896743
99890,10.642804178805,15.0851154184509,10.8475187318995
99891,10.6596180993113,15.0896663559549,10.8507912544128
99892,10.6765880705271,15.0950176655406,10.8546393145277
99893,10.6937169943603,15.0986768739464,10.8572706057459
99894,10.7110078542831,15.1489943874887,10.8934533034285
99895,10.7284637184147,15.1770717378997,10.9136433766283
99896,10.7460877427525,15.1816071197215,10.9169047132441
99897,10.763883174557,15.1962779026986,10.9274542906747
99898,10.7818533559032,15.2070648692059,10.9352110640239
99899,10.8000017274045,15.2150930727304,10.9409840452507
99900,10.818331832122,15.2846553247179,10.9910053948087
99901,10.8368473196702,15.3480440132677,11.0365874117413
99902,10.8555519505287,15.4060484196373,11.0782976583766
99903,10.8744496005763,15.4131568949405,11.0834092744875
99904,10.8935442658564,15.4604201636323,11.1173957027145
99905,10.9128400675942,15.4635303819239,11.1196322219749
99906,10.9323412574755,15.4635992474366,11.1196817423079
99907,10.9520522232079,15.5297219369693,11.167229745317
99908,10.9719774943817,15.5930658522927,11.2127795663799
99909,10.9921217486486,15.663013129804,11.2630777829995
99910,11.0124898182418,15.7087296545471,11.2959519669054
99911,11.0330866968581,15.7443734569449,11.3215829815486
99912,11.0539175469255,15.7664666946645,11.3374699537967
99913,11.0749877072886,15.7774973823693,11.3454019840255
99914,11.0963027013306,15.7813214223458,11.3481518035745
99915,11.1178682455736,15.8285957887915,11.3821462120582
99916,11.1396902587817,15.8858655226148,11.42332816481
99917,11.1617748716074,15.8896385346403,11.4260412907946
99918,11.1841284368223,15.9491296603689,11.4688206188158
99919,11.2067575401682,15.957063770901,11.474525938943
99920,11.2296690118833,15.9764082969437,11.4884363468376
99921,11.2528699389459,15.9845953550198,11.4943235583952
99922,11.2763676780977,15.9953527725442,11.5020590834387
99923,11.3001698697,16.0351451778587,11.5306733068014
99924,11.3242844524911,16.0484320333267,11.540227719186
99925,11.3487196793195,16.0977200859432,11.5756701443306
99926,11.3734841339212,16.1396437085298,11.6058168995063
99927,11.3985867488384,16.1423486380755,11.6077619806742
99928,11.424036824563,16.1509606684411,11.6139547845156
99929,11.4498440500115,16.1565144747562,11.6179484575081
99930,11.4760185244471,16.1798703837959,11.6347434009859
99931,11.5025707809644,16.1840356959901,11.6377386251388
99932,11.5295118116835,16.2176209072127,11.6618893324914
99933,11.5568530947955,16.249817927037,11.6850418086885
99934,11.5846066236292,16.2701682785796,11.6996754931805
99935,11.6127849379253,16.2706857422787,11.7000475948856
99936,11.641401157516,16.2798251339433,11.706619617673
99937,11.6704690186424,16.291719002386,11.7151723504263
99938,11.7000029131561,16.3487514996819,11.7561837093442
99939,11.7300179308859,16.3642579453173,11.7673342013908
99940,11.760529905485,16.3682013483424,11.7701698534223
99941,11.7915554640987,16.4061291670667,11.7974432757767
99942,11.8231120812528,16.5783057337455,11.9212533017814
99943,11.8552181373878,16.6125369754781,11.9458685616326
99944,11.8878929825393,16.8123756851893,12.0895700903792
99945,11.9211570057089,16.8295918334325,12.1019500082903
99946,11.9550317105497,16.8937867931331,12.1481118047718
99947,11.9895397980725,16.9226144716048,12.1688414295406
99948,12.0247052571592,16.9494790465261,12.1881594109812
99949,12.0605534637973,16.950226340623,12.1886967808646
99950,12.0971112900519,16.9638314892556,12.1984800739021
99951,12.1344072239498,16.9938927996581,12.2200967880373
99952,12.1724715016173,17.0099456526532,12.231640194815
99953,12.2113362531948,17.0175200227304,12.2370868300589
99954,12.2510356643012,17.0745142340755,12.2780706580261
99955,12.2916061550693,17.1079860949656,12.3021398565655
99956,12.3330865791004,17.1201625392975,12.3108957861235
99957,12.3755184450639,17.381900204449,12.4991080832666
99958,12.4189461640927,17.4878511604724,12.5752960969638
99959,12.4634173266786,17.6770462477776,12.7113439293202
99960,12.508983013378,17.7408171432216,12.7572007864732
99961,12.5556981444114,17.7927820314488,12.7945680907867
99962,12.6036218741518,17.945426092306,12.9043325349776
99963,12.652818037586,18.0540852543931,12.982467985946
99964,12.7033556572064,18.1114223498972,13.0236983776441
99965,12.7553095203967,18.2963899320432,13.1567062636606
99966,12.8087608394347,18.3105914297779,13.1669183839146
99967,12.8637980086924,18.3768095412484,13.2145350036515
99968,12.9205174767396,18.4246423262654,13.2489309639791
99969,12.9790247549302,18.4681690098098,13.2802304603361
99970,13.0394355889099,18.5039762754751,13.3059790193805
99971,13.1018773256974,18.5116527195215,13.311499054745
99972,13.1664905168468,18.6061295902206,13.3794361965043
99973,13.2334308083662,18.7226393093225,13.4632168853057
99974,13.3028711812254,19.1729467476701,13.7870273592126
99975,13.3750046234712,19.2703221226867,13.8570487793488
99976,13.4500473377401,19.3388000348286,13.9062903936206
99977,13.528242618233,19.44424813681,13.9821168112354
99978,13.6098655721251,19.476752161498,14.0054900508086
99979,13.6952289161705,19.4922438230585,14.0166299118109
99980,13.7846901562953,19.6603464196359,14.1375103966247
99981,13.8786605660001,19.6869454703758,14.1566374429315
99982,13.9776165328709,19.9237335572587,14.3269088088908
99983,14.0821140645137,20.0496067177594,14.4174226318546
99984,14.1928075718679,20.4866773014493,14.7317146483373
99985,14.3104745384228,20.7268620039479,14.9044284783079
99986,14.436048436893,20.8523987177104,14.99470036661
99987,14.5706634397795,20.8581380413381,14.9988274427929
99988,14.7157163874151,20.8846201676523,15.0178704102006
99989,14.8729546781657,21.5156499891472,15.4716361003643
99990,15.0446042872067,21.5941102528528,15.5280558993945
99991,15.2335621229616,21.9626288956764,15.7930530684711
99992,15.4436958896308,22.0923510850434,15.8863346801835
99993,15.6803327120348,22.2791565774717,16.0206641846075
99994,15.9510998769082,24.0975852633915,17.3282736185408
99995,16.2674741631222,24.5004515453672,17.6179697474041
99996,16.6479042524241,24.8303021307061,17.8551611976475
99997,17.1249227113064,25.3931158880844,18.2598735651952
99998,17.764536258165,26.728851249013,19.2203842372456
99999,18.7375430607726,29.0647015371377,20.9000651049407
100000,20.8372870225104,29.8727857452686,21.4811484007258
