sample.ID	S	reference
HG00096	0.137763478474656	TRUE
HG00097	0.136472917801055	TRUE
HG00099	0.132692409762848	TRUE
HG00100	0.132095773163052	TRUE
HG00101	0.157438023924211	TRUE
HG00102	0.151266857371425	TRUE
HG00103	0.156618746383621	TRUE
HG00105	0.124492526980024	TRUE
HG00106	0.149809061535202	TRUE
HG00107	0.138212869282081	TRUE
HG00108	0.157593732569384	TRUE
HG00109	0.140163794360667	TRUE
HG00110	0.134125956863143	TRUE
HG00111	0.132635134585797	TRUE
HG00112	0.141218557501746	TRUE
HG00113	0.141489208026395	TRUE
HG00114	0.131063059847028	TRUE
HG00115	0.13289947478913	TRUE
HG00117	0.146262148125384	TRUE
HG00118	0.135102327435736	TRUE
HG00119	0.167377791855398	TRUE
HG00121	0.145378450858318	TRUE
HG00122	0.132136731243773	TRUE
HG00123	0.169364798913856	TRUE
HG00125	0.153294050558147	TRUE
HG00126	0.127010335665602	TRUE
HG00127	0.129474549518206	TRUE
HG00128	0.1374565084053	TRUE
HG00129	0.138631342984356	TRUE
HG00130	0.135771486854358	TRUE
HG00131	0.137042268335064	TRUE
HG00132	0.114832642884331	TRUE
HG00133	0.117213145325099	TRUE
HG00136	0.13491228472282	TRUE
HG00137	0.114374730139332	TRUE
HG00138	0.104563769221627	TRUE
HG00139	0.113359037393341	TRUE
HG00140	0.125589773598767	TRUE
HG00141	0.137769343660075	TRUE
HG00142	0.123089290000704	TRUE
HG00143	0.103181585706074	TRUE
HG00145	0.167789970169442	TRUE
HG00146	0.121863213526499	TRUE
HG00148	0.125014260625449	TRUE
HG00149	0.140817039481769	TRUE
HG00150	0.123337882117531	TRUE
HG00151	0.117519183065854	TRUE
HG00154	0.103640135607111	TRUE
HG00155	0.125590218903736	TRUE
HG00157	0.115430191719347	TRUE
HG00158	0.144657759356661	TRUE
HG00159	0.131006374442069	TRUE
HG00160	0.116463613677052	TRUE
HG00171	0.131087362183429	TRUE
HG00173	0.12011764885502	TRUE
HG00174	0.135642004777811	TRUE
HG00176	0.160537331975667	TRUE
HG00177	0.157752227381118	TRUE
HG00178	0.128113871870221	TRUE
HG00179	0.120928051276404	TRUE
HG00180	0.130882300332168	TRUE
HG00181	0.240751674432197	TRUE
HG00182	0.120456676256544	TRUE
HG00183	0.111868875996374	TRUE
HG00185	0.122554604495718	TRUE
HG00186	0.128972569162276	TRUE
HG00187	0.162983421109589	TRUE
HG00188	0.117081473305466	TRUE
HG00189	0.147294978667429	TRUE
HG00190	0.136297286145922	TRUE
HG00231	0.119747761253768	TRUE
HG00232	0.106908758141547	TRUE
HG00233	0.129266404646845	TRUE
HG00234	0.131018726380075	TRUE
HG00235	0.0974923051276753	TRUE
HG00236	0.126228254165723	TRUE
HG00237	0.114279232405964	TRUE
HG00239	0.117468686107569	TRUE
HG00242	0.136418285390434	TRUE
HG00243	0.12318026685359	TRUE
HG00244	0.111382258672905	TRUE
HG00245	0.120808529551143	TRUE
HG00246	0.10327681301358	TRUE
HG00250	0.173432365141353	TRUE
HG00251	0.134558178116761	TRUE
HG00252	0.128791412552251	TRUE
HG00253	0.123269679980282	TRUE
HG00254	0.121873525638474	TRUE
HG00255	0.122648843801998	TRUE
HG00256	0.126886762520348	TRUE
HG00257	0.109929291201121	TRUE
HG00258	0.103718624400329	TRUE
HG00259	0.121300979916145	TRUE
HG00260	0.119254866865287	TRUE
HG00261	0.120635080718998	TRUE
HG00262	0.131798783401835	TRUE
HG00263	0.139713337607297	TRUE
HG00264	0.11710658532328	TRUE
HG00265	0.136281482981258	TRUE
HG00266	0.134571601979441	TRUE
HG00267	0.168397752338221	TRUE
HG00268	0.126350278416448	TRUE
HG00269	0.13576667946114	TRUE
HG00271	0.15859931808559	TRUE
HG00272	0.122492565602769	TRUE
HG00273	0.137722261647061	TRUE
HG00274	0.154096109031906	TRUE
HG00275	0.134823006468937	TRUE
HG00276	0.134853759685855	TRUE
HG00277	0.156719561538787	TRUE
HG00278	0.145393465446038	TRUE
HG00280	0.142805398436411	TRUE
HG00281	0.171479325355153	TRUE
HG00282	0.115918349423798	TRUE
HG00284	0.136457221017994	TRUE
HG00285	0.149209592763514	TRUE
HG00288	0.121609442577158	TRUE
HG00290	0.127509343867928	TRUE
HG00304	0.110862862142388	TRUE
HG00306	0.143744751246434	TRUE
HG00308	0.119937785755075	TRUE
HG00309	0.121376354022143	TRUE
HG00310	0.135125200863506	TRUE
HG00311	0.172270091639999	TRUE
HG00313	0.147426616492268	TRUE
HG00315	0.136259090493551	TRUE
HG00318	0.119564234803744	TRUE
HG00319	0.133145660287723	TRUE
HG00320	0.11775443012787	TRUE
HG00321	0.119005867570649	TRUE
HG00323	0.114266990062428	TRUE
HG00324	0.12879455098069	TRUE
HG00325	0.10200832134299	TRUE
HG00326	0.139756197760615	TRUE
HG00327	0.128919912726655	TRUE
HG00328	0.11957340492391	TRUE
HG00329	0.126229719451189	TRUE
HG00330	0.198016372866598	TRUE
HG00331	0.150007304286891	TRUE
HG00332	0.14848806117563	TRUE
HG00334	0.11987921912129	TRUE
HG00335	0.131388434827194	TRUE
HG00336	0.143151085243462	TRUE
HG00337	0.142075149369158	TRUE
HG00338	0.134716250365472	TRUE
HG00339	0.143834869442566	TRUE
HG00341	0.212870984259614	TRUE
HG00342	0.123187588037915	TRUE
HG00343	0.12544606993938	TRUE
HG00344	0.186715883243395	TRUE
HG00345	0.124574114720191	TRUE
HG00346	0.143561745302286	TRUE
HG00349	0.132127119920561	TRUE
HG00350	0.19479372049912	TRUE
HG00351	0.135694584276694	TRUE
HG00353	0.123928579626738	TRUE
HG00355	0.12558181613116	TRUE
HG00356	0.13293547986765	TRUE
HG00357	0.128193780890793	TRUE
HG00358	0.167245658079746	TRUE
HG00360	0.148379217182841	TRUE
HG00361	0.160360254272511	TRUE
HG00362	0.137250013036347	TRUE
HG00364	0.106575356690234	TRUE
HG00365	0.134842130442435	TRUE
HG00366	0.144527872471653	TRUE
HG00367	0.146644541154055	TRUE
HG00368	0.167255874326905	TRUE
HG00369	0.150191462178643	TRUE
HG00371	0.130364213890461	TRUE
HG00372	0.134311631154989	TRUE
HG00373	0.133538044882768	TRUE
HG00375	0.139707921020448	TRUE
HG00376	0.140562279969223	TRUE
HG00378	0.120464014057221	TRUE
HG00379	0.12759894693725	TRUE
HG00380	0.169086335268001	TRUE
HG00381	0.119589916238447	TRUE
HG00382	0.135677612206131	TRUE
HG00383	0.134216838733196	TRUE
HG00384	0.116655569747837	TRUE
HG00403	0.0981087305074233	TRUE
HG00404	0.0982819622267663	TRUE
HG00406	0.110585062003788	TRUE
HG00407	0.104894034987909	TRUE
HG00409	0.0890012762230192	TRUE
HG00410	0.100306444403944	TRUE
HG00419	0.0985591463899013	TRUE
HG00421	0.0949569647252058	TRUE
HG00422	0.113162925726879	TRUE
HG00428	0.0904654055355708	TRUE
HG00436	0.0987924520334523	TRUE
HG00437	0.102720574573556	TRUE
HG00442	0.115405273701151	TRUE
HG00443	0.0953781065386657	TRUE
HG00445	0.100512919491421	TRUE
HG00446	0.0992962582458411	TRUE
HG00448	0.111911735225267	TRUE
HG00449	0.0928765052611924	TRUE
HG00451	0.106762206505091	TRUE
HG00452	0.0991731508292676	TRUE
HG00457	0.104555905731899	TRUE
HG00458	0.116792934715979	TRUE
HG00463	0.0983068275174691	TRUE
HG00464	0.0983439259674265	TRUE
HG00472	0.114712249926368	TRUE
HG00473	0.0868688966478825	TRUE
HG00476	0.0822828735159387	TRUE
HG00478	0.10276672926102	TRUE
HG00479	0.0918052846984799	TRUE
HG00500	0.104121578525135	TRUE
HG00513	0.105181186979266	TRUE
HG00524	0.107275098690703	TRUE
HG00525	0.0895301999895389	TRUE
HG00530	0.0955365243848109	TRUE
HG00531	0.0986155316651904	TRUE
HG00533	0.0902765731881	TRUE
HG00534	0.0981255830947217	TRUE
HG00536	0.100768292171378	TRUE
HG00537	0.101906622675983	TRUE
HG00543	0.114802916325289	TRUE
HG00551	0.142716508182902	TRUE
HG00553	0.153036294156347	TRUE
HG00554	0.161022762653362	TRUE
HG00556	0.0951006451043385	TRUE
HG00557	0.0901076456633785	TRUE
HG00559	0.187969305302056	TRUE
HG00560	0.0936750876503386	TRUE
HG00565	0.106290119482846	TRUE
HG00566	0.113601855425505	TRUE
HG00580	0.0912814162242244	TRUE
HG00583	0.111649328659419	TRUE
HG00589	0.104916292185429	TRUE
HG00590	0.110876632618484	TRUE
HG00592	0.109771380223374	TRUE
HG00593	0.102536255947562	TRUE
HG00596	0.0900351891800937	TRUE
HG00598	0.105020966919858	TRUE
HG00599	0.108682984037944	TRUE
HG00608	0.103489228658248	TRUE
HG00610	0.0934086838951562	TRUE
HG00611	0.114441122109811	TRUE
HG00613	0.0883944425934137	TRUE
HG00614	0.13542402355672	TRUE
HG00619	0.106979226020146	TRUE
HG00620	0.106838865859617	TRUE
HG00622	0.106212203876581	TRUE
HG00623	0.119003180566398	TRUE
HG00625	0.126830196418183	TRUE
HG00626	0.102735933182575	TRUE
HG00628	0.0957525674042786	TRUE
HG00629	0.0933851525057797	TRUE
HG00631	0.107580860245549	TRUE
HG00632	0.0924391050815532	TRUE
HG00634	0.113508509488967	TRUE
HG00637	0.132795051424302	TRUE
HG00638	0.149369946470041	TRUE
HG00640	0.14588006298527	TRUE
HG00641	0.187942802321348	TRUE
HG00650	0.10096138325466	TRUE
HG00651	0.111504767106684	TRUE
HG00653	0.103461579710355	TRUE
HG00654	0.10960174670898	TRUE
HG00656	0.0967072290383819	TRUE
HG00657	0.0871940028176422	TRUE
HG00662	0.0887890510925014	TRUE
HG00663	0.11611455354367	TRUE
HG00671	0.0922478380403306	TRUE
HG00672	0.0971911305956763	TRUE
HG00674	0.101896698846355	TRUE
HG00675	0.115779652291663	TRUE
HG00683	0.120183381467203	TRUE
HG00684	0.0948801031574861	TRUE
HG00689	0.126279648614293	TRUE
HG00690	0.132747616244066	TRUE
HG00692	0.0965163787042939	TRUE
HG00693	0.108507966662325	TRUE
HG00698	0.104020069447842	TRUE
HG00699	0.101848488926489	TRUE
HG00701	0.146843621332031	TRUE
HG00704	0.118694602435861	TRUE
HG00705	0.0922830129782452	TRUE
HG00707	0.130930686039706	TRUE
HG00708	0.102626740565619	TRUE
HG00717	0.11103439999704	TRUE
HG00728	0.107500161304556	TRUE
HG00729	0.0934885213762713	TRUE
HG00731	0.160761622450383	TRUE
HG00732	0.172510652771543	TRUE
HG00734	0.143645256405385	TRUE
HG00736	0.172439564231373	TRUE
HG00737	0.159547247520073	TRUE
HG00739	0.226109272993089	TRUE
HG00740	0.159002549388706	TRUE
HG00742	0.169020521491724	TRUE
HG00743	0.145835939905758	TRUE
HG00759	0.106279076751273	TRUE
HG00766	0.104868020067725	TRUE
HG00844	0.0935904198802663	TRUE
HG00864	0.0961929749203729	TRUE
HG00867	0.095477909876273	TRUE
HG00879	0.0981885454514783	TRUE
HG00956	0.102459991003136	TRUE
HG00978	0.0854658312544044	TRUE
HG00982	0.0957804284165428	TRUE
HG01028	0.0914181731523944	TRUE
HG01029	0.0914877394090102	TRUE
HG01031	0.117555654640409	TRUE
HG01046	0.118415083129008	TRUE
HG01047	0.138634913919984	TRUE
HG01048	0.170492052249912	TRUE
HG01049	0.155789171343792	TRUE
HG01051	0.16493250415639	TRUE
HG01052	0.143701095875483	TRUE
HG01054	0.182323891446863	TRUE
HG01055	0.151836134425529	TRUE
HG01058	0.173792128954319	TRUE
HG01060	0.134862933841577	TRUE
HG01061	0.145497194461218	TRUE
HG01063	0.179786213209952	TRUE
HG01064	0.148163690874541	TRUE
HG01066	0.150397400959924	TRUE
HG01067	0.17048784776682	TRUE
HG01069	0.173695879527222	TRUE
HG01070	0.150559609095866	TRUE
HG01072	0.183364795540437	TRUE
HG01073	0.166362252170029	TRUE
HG01075	0.209081714869629	TRUE
HG01077	0.163884240864672	TRUE
HG01079	0.145683345243091	TRUE
HG01080	0.17897135587793	TRUE
HG01082	0.157141567543594	TRUE
HG01083	0.162102227701976	TRUE
HG01085	0.163000920951945	TRUE
HG01086	0.182294844488323	TRUE
HG01088	0.148829734879712	TRUE
HG01089	0.145894045151037	TRUE
HG01092	0.178461342206311	TRUE
HG01094	0.18164798696572	TRUE
HG01095	0.156879656602679	TRUE
HG01097	0.142659650783596	TRUE
HG01098	0.120770710678683	TRUE
HG01101	0.144511317712888	TRUE
HG01102	0.196684808999668	TRUE
HG01104	0.138955111230961	TRUE
HG01105	0.155669173530874	TRUE
HG01107	0.175409290570547	TRUE
HG01108	0.240773296103336	TRUE
HG01110	0.145313799380369	TRUE
HG01111	0.191403523766603	TRUE
HG01112	0.162199611750066	TRUE
HG01113	0.155391583165988	TRUE
HG01119	0.179291599430948	TRUE
HG01121	0.176523335208792	TRUE
HG01122	0.186763182818315	TRUE
HG01124	0.185463130869401	TRUE
HG01125	0.153609501203887	TRUE
HG01130	0.157702891654257	TRUE
HG01131	0.145639426078577	TRUE
HG01133	0.162882447148507	TRUE
HG01134	0.174621209782298	TRUE
HG01136	0.159502177522058	TRUE
HG01137	0.155843759195531	TRUE
HG01139	0.145657470663632	TRUE
HG01140	0.154346599148809	TRUE
HG01142	0.177186220475379	TRUE
HG01148	0.157849737478319	TRUE
HG01149	0.180455799644919	TRUE
HG01161	0.177117175279805	TRUE
HG01162	0.137782806228131	TRUE
HG01164	0.148134730459554	TRUE
HG01167	0.176837882520886	TRUE
HG01168	0.248313036148507	TRUE
HG01170	0.144987294749654	TRUE
HG01171	0.144745290094174	TRUE
HG01173	0.185253440915625	TRUE
HG01174	0.168432917174643	TRUE
HG01176	0.139028353583509	TRUE
HG01177	0.142641742258699	TRUE
HG01182	0.16439776939269	TRUE
HG01183	0.172671672808335	TRUE
HG01187	0.18126081983519	TRUE
HG01188	0.205591487589745	TRUE
HG01190	0.14802728783503	TRUE
HG01191	0.145251550005305	TRUE
HG01197	0.164628619614427	TRUE
HG01198	0.12700273754951	TRUE
HG01200	0.185908063712534	TRUE
HG01204	0.16161461048871	TRUE
HG01205	0.153856124095991	TRUE
HG01241	0.226118745300319	TRUE
HG01242	0.284118633558524	TRUE
HG01247	0.128912160888458	TRUE
HG01248	0.174822992213171	TRUE
HG01250	0.151845616594836	TRUE
HG01251	0.159855395614524	TRUE
HG01253	0.183215021480305	TRUE
HG01254	0.144598335287671	TRUE
HG01256	0.134552249050332	TRUE
HG01257	0.150846603098635	TRUE
HG01259	0.168901053176516	TRUE
HG01260	0.174252508056109	TRUE
HG01269	0.176533072323921	TRUE
HG01271	0.122949736253237	TRUE
HG01272	0.152187543656557	TRUE
HG01275	0.160874861836337	TRUE
HG01277	0.145419083882561	TRUE
HG01280	0.178591982174343	TRUE
HG01281	0.160790501189401	TRUE
HG01284	0.190613793934308	TRUE
HG01286	0.148470582074231	TRUE
HG01302	0.154196871210951	TRUE
HG01303	0.156031789220956	TRUE
HG01305	0.138500222239317	TRUE
HG01308	0.182971610962375	TRUE
HG01311	0.163010026524178	TRUE
HG01312	0.148493246712793	TRUE
HG01323	0.167463376787671	TRUE
HG01325	0.143991453688226	TRUE
HG01326	0.138432858611803	TRUE
HG01334	0.11137963815405	TRUE
HG01341	0.202487359904462	TRUE
HG01342	0.249442942219099	TRUE
HG01344	0.173890879812048	TRUE
HG01345	0.13487659187594	TRUE
HG01348	0.144481904460397	TRUE
HG01350	0.155275494607122	TRUE
HG01351	0.185711333442706	TRUE
HG01353	0.135271188381523	TRUE
HG01354	0.176120466248404	TRUE
HG01356	0.150982595664584	TRUE
HG01357	0.172962200848141	TRUE
HG01359	0.143358271824233	TRUE
HG01360	0.184224891968942	TRUE
HG01362	0.169658437458023	TRUE
HG01363	0.168700018452964	TRUE
HG01365	0.18049585725793	TRUE
HG01366	0.17413846582312	TRUE
HG01369	0.245592719947431	TRUE
HG01372	0.128573403758188	TRUE
HG01374	0.158888757597584	TRUE
HG01375	0.181174149966043	TRUE
HG01377	0.136202749860238	TRUE
HG01378	0.144692014820138	TRUE
HG01383	0.209052607473213	TRUE
HG01384	0.145353829740091	TRUE
HG01389	0.174714355191102	TRUE
HG01390	0.184606112752615	TRUE
HG01392	0.185565426031954	TRUE
HG01393	0.169573527118098	TRUE
HG01395	0.167365309617231	TRUE
HG01396	0.160495358884573	TRUE
HG01398	0.142661786704901	TRUE
HG01402	0.165004903592602	TRUE
HG01403	0.139492052188127	TRUE
HG01405	0.191605036836887	TRUE
HG01412	0.139894685392633	TRUE
HG01413	0.176592286451857	TRUE
HG01414	0.143971231578215	TRUE
HG01431	0.15278348285578	TRUE
HG01432	0.127473469004736	TRUE
HG01435	0.167041111312185	TRUE
HG01437	0.150660498434025	TRUE
HG01438	0.204917986539385	TRUE
HG01440	0.196742906203385	TRUE
HG01441	0.171051822346552	TRUE
HG01443	0.221198590660783	TRUE
HG01444	0.159481137781727	TRUE
HG01447	0.136129266041458	TRUE
HG01455	0.152313765040535	TRUE
HG01456	0.150519308117001	TRUE
HG01459	0.195490707698058	TRUE
HG01461	0.177838487149601	TRUE
HG01462	0.161696030206072	TRUE
HG01464	0.161095156354302	TRUE
HG01465	0.228048036372792	TRUE
HG01468	0.247098998324782	TRUE
HG01474	0.162910231040939	TRUE
HG01479	0.169549042397461	TRUE
HG01485	0.24718475096831	TRUE
HG01486	0.158419873380222	TRUE
HG01488	0.193256213796379	TRUE
HG01489	0.18006439119653	TRUE
HG01491	0.145648896576528	TRUE
HG01492	0.175040120905423	TRUE
HG01494	0.18332041997815	TRUE
HG01495	0.170219495886554	TRUE
HG01497	0.129809456858592	TRUE
HG01498	0.150825155826524	TRUE
HG01500	0.130696670578025	TRUE
HG01501	0.157990076219433	TRUE
HG01503	0.154039499468223	TRUE
HG01504	0.14812504783143	TRUE
HG01506	0.119328999595566	TRUE
HG01507	0.117815136662742	TRUE
HG01509	0.139166126781372	TRUE
HG01510	0.120155509607232	TRUE
HG01512	0.160243877087148	TRUE
HG01513	0.123746357955571	TRUE
HG01515	0.140752547764484	TRUE
HG01516	0.158724367079422	TRUE
HG01518	0.122353496436666	TRUE
HG01519	0.123946038010511	TRUE
HG01521	0.187054145684496	TRUE
HG01522	0.150430501712624	TRUE
HG01524	0.113433803545937	TRUE
HG01525	0.152982493690128	TRUE
HG01527	0.151424986887785	TRUE
HG01528	0.146386419752429	TRUE
HG01530	0.11140029687639	TRUE
HG01531	0.122023595374376	TRUE
HG01536	0.149296802353418	TRUE
HG01537	0.138564465404176	TRUE
HG01550	0.152443149190353	TRUE
HG01551	0.225846403588165	TRUE
HG01556	0.167533759636052	TRUE
HG01565	0.142865579943702	TRUE
HG01566	0.218075627408581	TRUE
HG01571	0.12486483706499	TRUE
HG01572	0.123801922360103	TRUE
HG01577	0.215377720593798	TRUE
HG01578	0.146479415553399	TRUE
HG01583	0.133075900645473	TRUE
HG01586	0.16377574348327	TRUE
HG01589	0.126547970687263	TRUE
HG01593	0.129334657225225	TRUE
HG01595	0.11284379775059	TRUE
HG01596	0.0925589452967443	TRUE
HG01597	0.0916649178145307	TRUE
HG01598	0.079300109126525	TRUE
HG01599	0.104093962543402	TRUE
HG01600	0.116314942711773	TRUE
HG01602	0.137635800219791	TRUE
HG01603	0.121870145931259	TRUE
HG01605	0.119478738402828	TRUE
HG01606	0.13293878948115	TRUE
HG01607	0.13748547513766	TRUE
HG01608	0.147995513726008	TRUE
HG01610	0.138359064404863	TRUE
HG01612	0.158624563628393	TRUE
HG01613	0.142545831426567	TRUE
HG01615	0.128586973168543	TRUE
HG01617	0.158721039240093	TRUE
HG01618	0.135493414064132	TRUE
HG01619	0.119871138861394	TRUE
HG01620	0.139181481301262	TRUE
HG01623	0.122715124362775	TRUE
HG01624	0.141755975333448	TRUE
HG01625	0.172849001593742	TRUE
HG01626	0.157499807435808	TRUE
HG01628	0.2149243781782	TRUE
HG01630	0.127335707339896	TRUE
HG01631	0.165693106247357	TRUE
HG01632	0.148397481754439	TRUE
HG01668	0.151921705924605	TRUE
HG01669	0.161239241163245	TRUE
HG01670	0.115828890390534	TRUE
HG01672	0.133371860498882	TRUE
HG01673	0.139069117760225	TRUE
HG01675	0.133823277677151	TRUE
HG01676	0.150338819631788	TRUE
HG01678	0.15591866979099	TRUE
HG01679	0.148613018713922	TRUE
HG01680	0.16434966300232	TRUE
HG01682	0.139738974268594	TRUE
HG01684	0.164527683063411	TRUE
HG01685	0.223085665849745	TRUE
HG01686	0.148327864759206	TRUE
HG01694	0.136693341460441	TRUE
HG01695	0.134498344376026	TRUE
HG01697	0.136300146753858	TRUE
HG01699	0.125892529697396	TRUE
HG01700	0.168510987734849	TRUE
HG01702	0.175902233060426	TRUE
HG01704	0.130414968023232	TRUE
HG01705	0.126516571308316	TRUE
HG01707	0.152585691228756	TRUE
HG01708	0.167807657465872	TRUE
HG01709	0.124364530219645	TRUE
HG01710	0.152689195731117	TRUE
HG01746	0.148771436539886	TRUE
HG01747	0.144950883558067	TRUE
HG01756	0.132510105308497	TRUE
HG01757	0.144184463735899	TRUE
HG01761	0.147490372837349	TRUE
HG01762	0.120997666666082	TRUE
HG01765	0.112784507443672	TRUE
HG01766	0.115884619936034	TRUE
HG01767	0.118168403512762	TRUE
HG01768	0.116636609601252	TRUE
HG01770	0.134008752044475	TRUE
HG01771	0.12588097933692	TRUE
HG01773	0.148367056442011	TRUE
HG01775	0.127782168498037	TRUE
HG01776	0.158676741420034	TRUE
HG01777	0.127158151069711	TRUE
HG01779	0.129870941725874	TRUE
HG01781	0.124996796932409	TRUE
HG01783	0.153261168860817	TRUE
HG01784	0.135690540384912	TRUE
HG01785	0.146473855635131	TRUE
HG01786	0.14856237540245	TRUE
HG01789	0.132367197107706	TRUE
HG01790	0.121858458984793	TRUE
HG01791	0.107485537580066	TRUE
HG01794	0.0882200075387104	TRUE
HG01796	0.140108718942712	TRUE
HG01797	0.108680962998999	TRUE
HG01798	0.116075085113741	TRUE
HG01799	0.0792231398197915	TRUE
HG01800	0.102992918552172	TRUE
HG01801	0.0947206797228253	TRUE
HG01802	0.0956658478496285	TRUE
HG01804	0.0916140780686124	TRUE
HG01805	0.0923421410431319	TRUE
HG01806	0.100264006043215	TRUE
HG01807	0.134032271017452	TRUE
HG01808	0.117584393581876	TRUE
HG01809	0.0794538157564102	TRUE
HG01810	0.111207394557255	TRUE
HG01811	0.097483025669827	TRUE
HG01812	0.0950930618574453	TRUE
HG01813	0.106585225947468	TRUE
HG01815	0.119581046510849	TRUE
HG01816	0.114051607583759	TRUE
HG01817	0.112299288065881	TRUE
HG01840	0.101944270390937	TRUE
HG01841	0.103031031334739	TRUE
HG01842	0.0903931602996811	TRUE
HG01843	0.104100812507728	TRUE
HG01844	0.0935989407916751	TRUE
HG01845	0.107033595982263	TRUE
HG01846	0.0958864331454285	TRUE
HG01847	0.097585253626692	TRUE
HG01848	0.0980652157605887	TRUE
HG01849	0.105518505982364	TRUE
HG01850	0.100666587236945	TRUE
HG01851	0.129538807652529	TRUE
HG01852	0.0923639535556154	TRUE
HG01853	0.101952753987195	TRUE
HG01855	0.0803635007206245	TRUE
HG01857	0.0882614443929929	TRUE
HG01858	0.0974051259239551	TRUE
HG01859	0.0937574901252234	TRUE
HG01860	0.101476341752891	TRUE
HG01861	0.103878982166737	TRUE
HG01862	0.100739735039047	TRUE
HG01863	0.106280129499883	TRUE
HG01864	0.10834228135029	TRUE
HG01865	0.102093158451162	TRUE
HG01866	0.0991210175282496	TRUE
HG01867	0.104722523638935	TRUE
HG01868	0.0920633852640758	TRUE
HG01869	0.102901756115075	TRUE
HG01870	0.0886812759637293	TRUE
HG01871	0.111633701917286	TRUE
HG01872	0.139530098285494	TRUE
HG01873	0.100210891644295	TRUE
HG01874	0.0858601229096415	TRUE
HG01878	0.109056005263351	TRUE
HG01879	0.184757851754477	TRUE
HG01880	0.356188210792191	TRUE
HG01882	0.18504655826837	TRUE
HG01883	0.163704046858253	TRUE
HG01885	0.163810182884407	TRUE
HG01886	0.160737345082724	TRUE
HG01889	0.230842242598587	TRUE
HG01890	0.165663439363969	TRUE
HG01892	0.167608899647533	TRUE
HG01893	0.152568098455848	TRUE
HG01894	0.169678990268308	TRUE
HG01896	0.179792893618582	TRUE
HG01912	0.180371800378351	TRUE
HG01914	0.1578827660001	TRUE
HG01915	0.231550190752222	TRUE
HG01917	0.132373284423224	TRUE
HG01918	0.130975474512933	TRUE
HG01920	0.0996749459686357	TRUE
HG01921	0.138800841910112	TRUE
HG01923	0.122944434695938	TRUE
HG01924	0.139475429481402	TRUE
HG01926	0.132011075082051	TRUE
HG01927	0.136097167249801	TRUE
HG01932	0.128515024016205	TRUE
HG01933	0.172008350299442	TRUE
HG01935	0.147585357248353	TRUE
HG01936	0.148059823777032	TRUE
HG01938	0.151710651164304	TRUE
HG01939	0.129653782668286	TRUE
HG01941	0.155142389098491	TRUE
HG01942	0.107561871930251	TRUE
HG01944	0.192846671169214	TRUE
HG01945	0.126808000656811	TRUE
HG01947	0.171521107687752	TRUE
HG01948	0.157320843333289	TRUE
HG01950	0.161339244114804	TRUE
HG01951	0.14162885486975	TRUE
HG01953	0.133262574148998	TRUE
HG01954	0.114216291331673	TRUE
HG01956	0.16217006715727	TRUE
HG01958	0.171769541059761	TRUE
HG01961	0.151176615077486	TRUE
HG01965	0.154376099746677	TRUE
HG01967	0.110244295939345	TRUE
HG01968	0.112381505784393	TRUE
HG01970	0.149769472635202	TRUE
HG01971	0.198296522600527	TRUE
HG01973	0.124427048463463	TRUE
HG01974	0.14254973415475	TRUE
HG01976	0.159462328186892	TRUE
HG01977	0.146121444509151	TRUE
HG01979	0.14819361377184	TRUE
HG01980	0.14398431136338	TRUE
HG01982	0.116525981583971	TRUE
HG01985	0.142104695533775	TRUE
HG01986	0.19282754826302	TRUE
HG01988	0.219587431533538	TRUE
HG01989	0.183152893468517	TRUE
HG01990	0.167541276136074	TRUE
HG01991	0.137659912568047	TRUE
HG01992	0.114701840616782	TRUE
HG01997	0.122447055622605	TRUE
HG02002	0.147663623874722	TRUE
HG02003	0.149400524014956	TRUE
HG02006	0.248463990951905	TRUE
HG02008	0.135245533326256	TRUE
HG02009	0.228321105587692	TRUE
HG02010	0.237652364133421	TRUE
HG02012	0.173031493791625	TRUE
HG02013	0.188154947777665	TRUE
HG02014	0.230933033940016	TRUE
HG02016	0.13858823235498	TRUE
HG02017	0.0941823367214565	TRUE
HG02019	0.103360448263118	TRUE
HG02020	0.111563832457191	TRUE
HG02023	0.0966430362408733	TRUE
HG02025	0.0927817255368132	TRUE
HG02026	0.115540047108181	TRUE
HG02028	0.0955242147813102	TRUE
HG02029	0.12878411421162	TRUE
HG02031	0.103298367119215	TRUE
HG02032	0.0956673669489482	TRUE
HG02035	0.10041230462284	TRUE
HG02040	0.0967787775283853	TRUE
HG02047	0.103387675354214	TRUE
HG02048	0.126081003502098	TRUE
HG02049	0.10881404830523	TRUE
HG02050	0.098969345980555	TRUE
HG02051	0.158225055395272	TRUE
HG02052	0.152983011365554	TRUE
HG02053	0.179860216750766	TRUE
HG02054	0.147782961667113	TRUE
HG02057	0.0830235092806039	TRUE
HG02058	0.107751053624838	TRUE
HG02060	0.0996181409357366	TRUE
HG02061	0.105387330879104	TRUE
HG02064	0.0981490145686168	TRUE
HG02067	0.0925847634736342	TRUE
HG02069	0.0983995259541501	TRUE
HG02070	0.100974766252241	TRUE
HG02072	0.101391924701039	TRUE
HG02073	0.0971466073411545	TRUE
HG02075	0.108405182125162	TRUE
HG02076	0.0993876446031807	TRUE
HG02078	0.102139592426763	TRUE
HG02079	0.0981076361745571	TRUE
HG02081	0.0932576565102094	TRUE
HG02082	0.111071530700996	TRUE
HG02084	0.0913071556961635	TRUE
HG02085	0.100627575486614	TRUE
HG02086	0.0878860188863273	TRUE
HG02087	0.104065727990405	TRUE
HG02088	0.0961133862692098	TRUE
HG02089	0.117302237856481	TRUE
HG02090	0.168011905695209	TRUE
HG02095	0.183671892819475	TRUE
HG02102	0.117824930852197	TRUE
HG02104	0.12569843184791	TRUE
HG02105	0.123033711912768	TRUE
HG02107	0.182888120924831	TRUE
HG02108	0.184744184948984	TRUE
HG02111	0.181261921649157	TRUE
HG02113	0.0967535208342585	TRUE
HG02116	0.100398276061215	TRUE
HG02121	0.119811486335737	TRUE
HG02122	0.111401158098506	TRUE
HG02127	0.0950527015294367	TRUE
HG02128	0.106578681891552	TRUE
HG02130	0.0980636473386196	TRUE
HG02131	0.124915171924604	TRUE
HG02133	0.0966403155754061	TRUE
HG02134	0.0930262086210173	TRUE
HG02136	0.109258970049753	TRUE
HG02137	0.0998662520602849	TRUE
HG02138	0.0941037795600909	TRUE
HG02139	0.0891530169601733	TRUE
HG02140	0.0978223391595976	TRUE
HG02141	0.112553216976437	TRUE
HG02142	0.131606726713894	TRUE
HG02143	0.203245364775812	TRUE
HG02144	0.182711754559079	TRUE
HG02146	0.117223389201622	TRUE
HG02147	0.133946173944607	TRUE
HG02150	0.135111164867016	TRUE
HG02151	0.100874750478476	TRUE
HG02152	0.119932538322451	TRUE
HG02153	0.107184169599221	TRUE
HG02154	0.102118084585259	TRUE
HG02155	0.101526111673535	TRUE
HG02156	0.114967248681212	TRUE
HG02164	0.121687701954087	TRUE
HG02165	0.105420235698383	TRUE
HG02166	0.0921050519910607	TRUE
HG02178	0.0977958422886951	TRUE
HG02180	0.106338311229889	TRUE
HG02181	0.106253914743197	TRUE
HG02182	0.0995351774499823	TRUE
HG02184	0.0971713898057257	TRUE
HG02185	0.109077423264911	TRUE
HG02186	0.0982509257137266	TRUE
HG02187	0.123630075457736	TRUE
HG02188	0.101601223068187	TRUE
HG02190	0.105208345097755	TRUE
HG02215	0.163525553864326	TRUE
HG02219	0.116959608953522	TRUE
HG02220	0.141589850867408	TRUE
HG02221	0.143959637610426	TRUE
HG02223	0.137521018350214	TRUE
HG02224	0.13128353197507	TRUE
HG02230	0.122581896030185	TRUE
HG02231	0.158692139788505	TRUE
HG02232	0.111910851863748	TRUE
HG02233	0.157757256658847	TRUE
HG02235	0.127141452192734	TRUE
HG02236	0.128033926485556	TRUE
HG02238	0.142719939328093	TRUE
HG02239	0.124359078183756	TRUE
HG02250	0.0994293735430154	TRUE
HG02252	0.144696873279611	TRUE
HG02253	0.179241798136105	TRUE
HG02255	0.182412189504307	TRUE
HG02256	0.173016020205935	TRUE
HG02259	0.11817013446607	TRUE
HG02260	0.152726543807349	TRUE
HG02262	0.127271545985257	TRUE
HG02265	0.107036656977704	TRUE
HG02266	0.15387674222951	TRUE
HG02271	0.132890753680161	TRUE
HG02272	0.130933476296097	TRUE
HG02274	0.169849764188282	TRUE
HG02275	0.115246130037938	TRUE
HG02277	0.146843351734417	TRUE
HG02278	0.125722628445567	TRUE
HG02281	0.173410231354539	TRUE
HG02282	0.197629750846432	TRUE
HG02283	0.166573202790551	TRUE
HG02284	0.16763427285867	TRUE
HG02285	0.123943477477709	TRUE
HG02286	0.151820810518738	TRUE
HG02291	0.133814214346792	TRUE
HG02292	0.142146957014649	TRUE
HG02298	0.133265065745642	TRUE
HG02299	0.142999333209313	TRUE
HG02301	0.123290139785372	TRUE
HG02304	0.137378572641945	TRUE
HG02307	0.153669994492616	TRUE
HG02308	0.179059541071556	TRUE
HG02309	0.184886153984318	TRUE
HG02312	0.134832563100413	TRUE
HG02314	0.171754363271927	TRUE
HG02315	0.157561301487383	TRUE
HG02317	0.171302161848966	TRUE
HG02318	0.168117181276132	TRUE
HG02322	0.191016937740034	TRUE
HG02323	0.167388134595516	TRUE
HG02325	0.155469554567673	TRUE
HG02330	0.191693449648649	TRUE
HG02332	0.139886185433394	TRUE
HG02334	0.172188257800229	TRUE
HG02337	0.189398797558404	TRUE
HG02339	0.304934540057613	TRUE
HG02343	0.177122455993602	TRUE
HG02345	0.181343332532594	TRUE
HG02348	0.116398550525321	TRUE
HG02351	0.124473948531427	TRUE
HG02355	0.09420570193201	TRUE
HG02360	0.0997330540411443	TRUE
HG02364	0.0999175732057156	TRUE
HG02367	0.106620062879544	TRUE
HG02371	0.0974751508581925	TRUE
HG02373	0.0792635985550127	TRUE
HG02374	0.104082609915764	TRUE
HG02375	0.12787997872447	TRUE
HG02380	0.101301326154172	TRUE
HG02382	0.0977640141021734	TRUE
HG02383	0.109259723282692	TRUE
HG02384	0.123862201164882	TRUE
HG02385	0.0904682223706784	TRUE
HG02386	0.0907001284174391	TRUE
HG02389	0.0808734331023423	TRUE
HG02390	0.109174199108678	TRUE
HG02391	0.108520130244322	TRUE
HG02392	0.0996446508378317	TRUE
HG02394	0.100203746648596	TRUE
HG02395	0.093190035563398	TRUE
HG02396	0.113579400975619	TRUE
HG02397	0.0886164707902836	TRUE
HG02398	0.112141702245665	TRUE
HG02399	0.0925157899629458	TRUE
HG02401	0.0990563536401082	TRUE
HG02402	0.103670660948732	TRUE
HG02406	0.0884458324942434	TRUE
HG02407	0.112144687422521	TRUE
HG02408	0.106072262491811	TRUE
HG02409	0.0943092807229185	TRUE
HG02410	0.0994279600914079	TRUE
HG02419	0.190151843082629	TRUE
HG02420	0.193182996907032	TRUE
HG02425	0.180892332760408	TRUE
HG02427	0.18446219746188	TRUE
HG02429	0.193944365314414	TRUE
HG02433	0.183588709651066	TRUE
HG02439	0.216094338313104	TRUE
HG02442	0.171205755077132	TRUE
HG02445	0.153184691855872	TRUE
HG02449	0.169836908575986	TRUE
HG02450	0.180280295901614	TRUE
HG02455	0.276922190163147	TRUE
HG02461	0.181714366057284	TRUE
HG02462	0.170876643337517	TRUE
HG02464	0.216682819717738	TRUE
HG02465	0.192035526148418	TRUE
HG02470	0.166322330658578	TRUE
HG02471	0.196410235558537	TRUE
HG02476	0.16463807730366	TRUE
HG02477	0.17056203928623	TRUE
HG02481	0.17491550342314	TRUE
HG02484	0.230431084730502	TRUE
HG02485	0.22177889368542	TRUE
HG02489	0.172471258281168	TRUE
HG02490	0.14643643120467	TRUE
HG02491	0.328635741074665	TRUE
HG02493	0.174905706332976	TRUE
HG02494	0.143753078611411	TRUE
HG02496	0.195213540942593	TRUE
HG02497	0.167716978650658	TRUE
HG02501	0.166838624490146	TRUE
HG02502	0.241613733939085	TRUE
HG02505	0.228708283714052	TRUE
HG02508	0.210358604574269	TRUE
HG02511	0.156760225159236	TRUE
HG02512	0.0935222876380672	TRUE
HG02513	0.106044716719955	TRUE
HG02521	0.0965902112133132	TRUE
HG02522	0.101029315360997	TRUE
HG02536	0.194447056632248	TRUE
HG02537	0.192653817335437	TRUE
HG02541	0.187735813120986	TRUE
HG02545	0.251833815302744	TRUE
HG02546	0.166766718265788	TRUE
HG02549	0.228712744239438	TRUE
HG02554	0.165461108306186	TRUE
HG02555	0.146606499597994	TRUE
HG02557	0.158628111338074	TRUE
HG02558	0.191821408911557	TRUE
HG02561	0.194001448266232	TRUE
HG02562	0.261188542566352	TRUE
HG02568	0.167147449134195	TRUE
HG02570	0.185926659062999	TRUE
HG02571	0.184768975467529	TRUE
HG02573	0.20255585482526	TRUE
HG02574	0.160132707202441	TRUE
HG02577	0.203894808818303	TRUE
HG02580	0.175053395697406	TRUE
HG02582	0.168182353506899	TRUE
HG02583	0.16972846141977	TRUE
HG02585	0.188945242256167	TRUE
HG02586	0.184211185044313	TRUE
HG02588	0.179774188222981	TRUE
HG02589	0.16294236627189	TRUE
HG02594	0.197563671868996	TRUE
HG02595	0.158997437297267	TRUE
HG02597	0.13485590273335	TRUE
HG02600	0.128100515705523	TRUE
HG02601	0.125720762397583	TRUE
HG02603	0.134431805220422	TRUE
HG02604	0.13158501637476	TRUE
HG02611	0.30942847329655	TRUE
HG02613	0.15299725993222	TRUE
HG02614	0.198547614837891	TRUE
HG02620	0.177147130601223	TRUE
HG02621	0.182353176611519	TRUE
HG02623	0.199096950014427	TRUE
HG02628	0.202148515361735	TRUE
HG02629	0.159250800200175	TRUE
HG02634	0.157489115879537	TRUE
HG02635	0.188799780643466	TRUE
HG02642	0.192556931562575	TRUE
HG02643	0.207566196108537	TRUE
HG02645	0.210660939037418	TRUE
HG02646	0.17673517283174	TRUE
HG02648	0.183137903561131	TRUE
HG02649	0.165898303595323	TRUE
HG02651	0.125103512395402	TRUE
HG02652	0.14305440663457	TRUE
HG02654	0.1322705466356	TRUE
HG02655	0.164129119984411	TRUE
HG02657	0.155799208241269	TRUE
HG02658	0.163546318196558	TRUE
HG02660	0.144021384758858	TRUE
HG02661	0.134211043201926	TRUE
HG02666	0.206696929581077	TRUE
HG02667	0.179961146803169	TRUE
HG02675	0.144988256181224	TRUE
HG02676	0.198944034124105	TRUE
HG02678	0.238420692505684	TRUE
HG02679	0.137070571273228	TRUE
HG02684	0.22822869534434	TRUE
HG02685	0.175033112347475	TRUE
HG02687	0.112220992697578	TRUE
HG02688	0.131552675485258	TRUE
HG02690	0.301143770899817	TRUE
HG02691	0.197965060167688	TRUE
HG02694	0.201958013149604	TRUE
HG02696	0.123540356739385	TRUE
HG02697	0.139864597905322	TRUE
HG02699	0.143216084129874	TRUE
HG02700	0.142157139848165	TRUE
HG02702	0.160549873947871	TRUE
HG02703	0.222054138944701	TRUE
HG02715	0.191756900798616	TRUE
HG02716	0.167298340224913	TRUE
HG02721	0.16373679711495	TRUE
HG02722	0.194125794984325	TRUE
HG02724	0.122350591965255	TRUE
HG02725	0.191664717987227	TRUE
HG02727	0.11063355418624	TRUE
HG02728	0.126416831638885	TRUE
HG02731	0.255108050511348	TRUE
HG02733	0.121690896937911	TRUE
HG02734	0.12400018337042	TRUE
HG02736	0.141631450062377	TRUE
HG02737	0.133754048615435	TRUE
HG02756	0.166259542269323	TRUE
HG02757	0.182144120518812	TRUE
HG02759	0.319582639726889	TRUE
HG02760	0.200524960852627	TRUE
HG02763	0.253390317193107	TRUE
HG02768	0.190349695996683	TRUE
HG02769	0.161711040735048	TRUE
HG02771	0.20470203981756	TRUE
HG02772	0.179226362847295	TRUE
HG02774	0.269029179831653	TRUE
HG02775	0.111537370968968	TRUE
HG02778	0.125691114254612	TRUE
HG02780	0.126467051786075	TRUE
HG02783	0.11901065759874	TRUE
HG02784	0.138632543102452	TRUE
HG02786	0.182013653088665	TRUE
HG02787	0.126688502465768	TRUE
HG02789	0.161473655027193	TRUE
HG02790	0.13420012300465	TRUE
HG02792	0.140903687532433	TRUE
HG02793	0.156921904313705	TRUE
HG02798	0.163998148640988	TRUE
HG02799	0.166531913490473	TRUE
HG02804	0.198851900811906	TRUE
HG02805	0.247714708098967	TRUE
HG02807	0.185326959622672	TRUE
HG02808	0.170420129484836	TRUE
HG02810	0.164855743782008	TRUE
HG02811	0.139837283667591	TRUE
HG02813	0.195578395662715	TRUE
HG02814	0.203612349844282	TRUE
HG02816	0.173030362326276	TRUE
HG02817	0.174619646448163	TRUE
HG02819	0.161211209617989	TRUE
HG02820	0.160902763166223	TRUE
HG02836	0.203799628044664	TRUE
HG02837	0.208096399343437	TRUE
HG02839	0.208267291633373	TRUE
HG02840	0.18818067204948	TRUE
HG02851	0.237306354423515	TRUE
HG02852	0.194126652325378	TRUE
HG02854	0.194588221815412	TRUE
HG02855	0.194908736059185	TRUE
HG02860	0.216074966671551	TRUE
HG02861	0.211753123473614	TRUE
HG02870	0.183927757085065	TRUE
HG02878	0.296309564383853	TRUE
HG02879	0.203835769134659	TRUE
HG02881	0.184803623629765	TRUE
HG02882	0.176554628339978	TRUE
HG02884	0.159948953105662	TRUE
HG02885	0.173629955856406	TRUE
HG02887	0.200126675257463	TRUE
HG02888	0.166006745935886	TRUE
HG02890	0.194933642149291	TRUE
HG02891	0.17055025390228	TRUE
HG02895	0.439727094874343	TRUE
HG02896	0.485825808013593	TRUE
HG02922	0.190167963833325	TRUE
HG02923	0.181878397269567	TRUE
HG02938	0.199006155708435	TRUE
HG02941	0.193922050975003	TRUE
HG02943	0.194728891989996	TRUE
HG02944	0.197387645587512	TRUE
HG02946	0.171086863159492	TRUE
HG02947	0.197388253948772	TRUE
HG02952	0.18735885420401	TRUE
HG02953	0.21826480866601	TRUE
HG02968	0.175485444398238	TRUE
HG02970	0.151484291637292	TRUE
HG02971	0.188473588222079	TRUE
HG02973	0.178998764029371	TRUE
HG02974	0.23496791121498	TRUE
HG02976	0.189010407669025	TRUE
HG02977	0.168183353568068	TRUE
HG02979	0.182518009486628	TRUE
HG02981	0.185406870746157	TRUE
HG02982	0.182019063592816	TRUE
HG02983	0.208276699373283	TRUE
HG03006	0.125592380212028	TRUE
HG03007	0.153539293489562	TRUE
HG03009	0.109834006174864	TRUE
HG03012	0.119617101457914	TRUE
HG03015	0.144250098061787	TRUE
HG03016	0.145591183691217	TRUE
HG03018	0.122761385060275	TRUE
HG03019	0.132885500442321	TRUE
HG03021	0.121916815102928	TRUE
HG03022	0.133308862943978	TRUE
HG03024	0.173506494739868	TRUE
HG03025	0.210185760996484	TRUE
HG03027	0.175485063472695	TRUE
HG03028	0.178365860381773	TRUE
HG03039	0.176708415467303	TRUE
HG03040	0.299207802343141	TRUE
HG03045	0.194269422501072	TRUE
HG03046	0.178587807279068	TRUE
HG03048	0.177388340519697	TRUE
HG03049	0.194792111142401	TRUE
HG03052	0.193969377698501	TRUE
HG03054	0.169279743865803	TRUE
HG03055	0.140918276927672	TRUE
HG03057	0.16595225232925	TRUE
HG03058	0.16943056959011	TRUE
HG03060	0.222193856848538	TRUE
HG03061	0.171696125531028	TRUE
HG03063	0.181341855201694	TRUE
HG03064	0.181418870733994	TRUE
HG03066	0.180707919515457	TRUE
HG03069	0.191006558801949	TRUE
HG03072	0.210419866101825	TRUE
HG03074	0.283866429753499	TRUE
HG03077	0.170776967643142	TRUE
HG03078	0.166882502862273	TRUE
HG03079	0.179856342157112	TRUE
HG03081	0.202111272117244	TRUE
HG03082	0.209753578847911	TRUE
HG03084	0.204010010288637	TRUE
HG03085	0.173636366788505	TRUE
HG03086	0.172836660315713	TRUE
HG03088	0.225598469832507	TRUE
HG03091	0.161341954866891	TRUE
HG03095	0.162014100356036	TRUE
HG03096	0.158506430329855	TRUE
HG03099	0.190430953780722	TRUE
HG03100	0.233805409455042	TRUE
HG03103	0.22355868800972	TRUE
HG03105	0.205556190055566	TRUE
HG03108	0.171490099736892	TRUE
HG03109	0.271664889520053	TRUE
HG03111	0.177060386951381	TRUE
HG03112	0.175355229139383	TRUE
HG03114	0.183213440408715	TRUE
HG03115	0.163028692398501	TRUE
HG03117	0.169998901582348	TRUE
HG03118	0.186547865052648	TRUE
HG03120	0.172639042361399	TRUE
HG03121	0.22498601799289	TRUE
HG03123	0.181345741540843	TRUE
HG03124	0.203449048331956	TRUE
HG03126	0.165301044007799	TRUE
HG03127	0.167715887805295	TRUE
HG03129	0.158936983391388	TRUE
HG03130	0.222780661912457	TRUE
HG03132	0.157952466380577	TRUE
HG03133	0.21239307078068	TRUE
HG03135	0.162549689730854	TRUE
HG03136	0.179297859500529	TRUE
HG03139	0.179269795318698	TRUE
HG03157	0.168068617353756	TRUE
HG03159	0.177271691327609	TRUE
HG03160	0.196195191834546	TRUE
HG03162	0.155967644595405	TRUE
HG03163	0.18198001728631	TRUE
HG03166	0.214295786413404	TRUE
HG03168	0.166661534168232	TRUE
HG03169	0.153410631729334	TRUE
HG03172	0.164577317098278	TRUE
HG03175	0.163238918732889	TRUE
HG03189	0.180768133390835	TRUE
HG03190	0.193906974697287	TRUE
HG03193	0.179298324404735	TRUE
HG03195	0.175677810612936	TRUE
HG03196	0.183549931392314	TRUE
HG03198	0.18900153071476	TRUE
HG03199	0.179592257197077	TRUE
HG03202	0.164311997916248	TRUE
HG03209	0.161364442174975	TRUE
HG03212	0.191619878806335	TRUE
HG03224	0.174002312358911	TRUE
HG03225	0.177467797837035	TRUE
HG03228	0.12034990710948	TRUE
HG03229	0.15542386011478	TRUE
HG03234	0.13294095604693	TRUE
HG03235	0.134877637663555	TRUE
HG03237	0.154047335807414	TRUE
HG03238	0.125754010764596	TRUE
HG03240	0.220016461277559	TRUE
HG03241	0.211227213343152	TRUE
HG03246	0.20550442449128	TRUE
HG03247	0.210837330839848	TRUE
HG03258	0.167344685578541	TRUE
HG03259	0.516915071280884	FALSE
HG03265	0.190839496429862	TRUE
HG03267	0.154587188212667	TRUE
HG03268	0.207775684088938	TRUE
HG03270	0.146333088418166	TRUE
HG03271	0.239943614271131	TRUE
HG03279	0.167871740860556	TRUE
HG03280	0.222809158117012	TRUE
HG03291	0.189007703866467	TRUE
HG03294	0.176950857536355	TRUE
HG03295	0.17191249652863	TRUE
HG03297	0.202325193243799	TRUE
HG03298	0.211299529814524	TRUE
HG03300	0.246865662061436	TRUE
HG03303	0.163196013786485	TRUE
HG03304	0.199920682218883	TRUE
HG03311	0.203579351621415	TRUE
HG03313	0.177795877872856	TRUE
HG03342	0.202418019666544	TRUE
HG03351	0.184296284254861	TRUE
HG03354	0.177997350191355	TRUE
HG03363	0.20285656199654	TRUE
HG03367	0.15799067536118	TRUE
HG03369	0.191199157089546	TRUE
HG03370	0.180130687748881	TRUE
HG03376	0.206900301050656	TRUE
HG03378	0.152442489796189	TRUE
HG03380	0.288041057846771	TRUE
HG03382	0.169714973025753	TRUE
HG03385	0.181789535642226	TRUE
HG03388	0.206092328634773	TRUE
HG03391	0.251082573959259	TRUE
HG03394	0.196500541967894	TRUE
HG03397	0.155994976547792	TRUE
HG03401	0.165595239624523	TRUE
HG03410	0.17077913172702	TRUE
HG03419	0.152720877507343	TRUE
HG03432	0.215566444925175	TRUE
HG03433	0.17296718657939	TRUE
HG03436	0.24845327210363	TRUE
HG03437	0.203225730180311	TRUE
HG03439	0.239739664584852	TRUE
HG03442	0.179202698809882	TRUE
HG03445	0.171944317332572	TRUE
HG03446	0.15068328198229	TRUE
HG03449	0.160223719393779	TRUE
HG03451	0.22039119565348	TRUE
HG03452	0.172648173871475	TRUE
HG03455	0.144318892504814	TRUE
HG03458	0.265728676766702	TRUE
HG03460	0.173734862481319	TRUE
HG03461	0.237072244626458	TRUE
HG03470	0.185396690750741	TRUE
HG03472	0.232570799393011	TRUE
HG03473	0.166465953060864	TRUE
HG03476	0.203593340643015	TRUE
HG03479	0.169602933079758	TRUE
HG03485	0.188689610935984	TRUE
HG03488	0.136487469889481	TRUE
HG03490	0.133928340559754	TRUE
HG03491	0.227798404768077	TRUE
HG03499	0.1852877838118	TRUE
HG03511	0.188700136024818	TRUE
HG03514	0.178589591818036	TRUE
HG03515	0.204275443150219	TRUE
HG03517	0.177824839645924	TRUE
HG03518	0.166611004773695	TRUE
HG03520	0.172090357310638	TRUE
HG03521	0.157348571602491	TRUE
HG03538	0.17236247868904	TRUE
HG03539	0.188596867106499	TRUE
HG03547	0.191661827968483	TRUE
HG03548	0.194858225162662	TRUE
HG03556	0.221120212095059	TRUE
HG03557	0.269183386203592	TRUE
HG03558	0.210809343452597	TRUE
HG03559	0.155306125972856	TRUE
HG03563	0.181941393382773	TRUE
HG03565	0.169416416674058	TRUE
HG03567	0.23047936500558	TRUE
HG03571	0.189562079685145	TRUE
HG03572	0.15814813761801	TRUE
HG03575	0.180840026624336	TRUE
HG03577	0.18359758612732	TRUE
HG03578	0.175421287820621	TRUE
HG03583	0.291745620693827	TRUE
HG03585	0.128665317265878	TRUE
HG03589	0.119610648179434	TRUE
HG03593	0.12054530009698	TRUE
HG03594	0.120950914518454	TRUE
HG03595	0.127907115946318	TRUE
HG03598	0.137950439342031	TRUE
HG03600	0.117628463603406	TRUE
HG03603	0.118268877213268	TRUE
HG03604	0.120423957930634	TRUE
HG03607	0.120494702878348	TRUE
HG03611	0.135513513516172	TRUE
HG03615	0.118894323366742	TRUE
HG03616	0.110638168419535	TRUE
HG03619	0.148750428366288	TRUE
HG03624	0.125284888305622	TRUE
HG03625	0.211166438154509	TRUE
HG03629	0.113121663404679	TRUE
HG03631	0.1237614560399	TRUE
HG03634	0.130987743726552	TRUE
HG03636	0.135521576229684	TRUE
HG03640	0.147514095125819	TRUE
HG03642	0.126361460912427	TRUE
HG03643	0.130333643011274	TRUE
HG03644	0.114561234417972	TRUE
HG03645	0.106039873337231	TRUE
HG03646	0.135946242513266	TRUE
HG03649	0.126349251612511	TRUE
HG03652	0.133314499923049	TRUE
HG03653	0.126427311348482	TRUE
HG03660	0.134876858485701	TRUE
HG03663	0.14353285179875	TRUE
HG03667	0.121511749653362	TRUE
HG03668	0.131766990104359	TRUE
HG03672	0.143254359208712	TRUE
HG03673	0.107272996010418	TRUE
HG03679	0.113559465029055	TRUE
HG03680	0.127279487148307	TRUE
HG03681	0.146250201432231	TRUE
HG03684	0.118653342591253	TRUE
HG03685	0.104576733466617	TRUE
HG03686	0.123812007196688	TRUE
HG03687	0.146580681215266	TRUE
HG03689	0.125893786854908	TRUE
HG03690	0.125010639712882	TRUE
HG03691	0.105182169257047	TRUE
HG03692	0.171892289882652	TRUE
HG03693	0.113501251442455	TRUE
HG03694	0.195029872351173	TRUE
HG03695	0.118727330299249	TRUE
HG03696	0.152028042184233	TRUE
HG03697	0.135971115028551	TRUE
HG03698	0.11632550783035	TRUE
HG03702	0.147394284072908	TRUE
HG03703	0.134868897717917	TRUE
HG03705	0.138690326838367	TRUE
HG03706	0.111688206598803	TRUE
HG03708	0.134592888275286	TRUE
HG03709	0.142312474769498	TRUE
HG03711	0.144847814848025	TRUE
HG03713	0.158258292257361	TRUE
HG03714	0.124809304272661	TRUE
HG03716	0.145793287647999	TRUE
HG03717	0.120271762802365	TRUE
HG03718	0.141401625304588	TRUE
HG03720	0.133936998031387	TRUE
HG03722	0.152807615819407	TRUE
HG03727	0.124702193230211	TRUE
HG03729	0.114428511898963	TRUE
HG03730	0.131962562548724	TRUE
HG03731	0.119155700689123	TRUE
HG03733	0.167033337202166	TRUE
HG03736	0.0995164095483982	TRUE
HG03738	0.14221566079747	TRUE
HG03740	0.121980749946861	TRUE
HG03741	0.118681436589124	TRUE
HG03742	0.11483143818629	TRUE
HG03743	0.145585149995049	TRUE
HG03744	0.125445235993869	TRUE
HG03745	0.139271552210946	TRUE
HG03746	0.156588168546551	TRUE
HG03750	0.109748911004048	TRUE
HG03752	0.126940622798752	TRUE
HG03753	0.121735537945388	TRUE
HG03755	0.157467823475793	TRUE
HG03756	0.126771303572832	TRUE
HG03757	0.120538147514178	TRUE
HG03760	0.10633369400268	TRUE
HG03762	0.121552761994814	TRUE
HG03765	0.125763582149031	TRUE
HG03767	0.126374618641185	TRUE
HG03770	0.128406557144111	TRUE
HG03771	0.14189509989571	TRUE
HG03772	0.123390356707852	TRUE
HG03773	0.126281955460692	TRUE
HG03774	0.124941214326435	TRUE
HG03775	0.130199532183584	TRUE
HG03777	0.171166072972891	TRUE
HG03778	0.118089787007558	TRUE
HG03779	0.13841595964623	TRUE
HG03780	0.123684294463709	TRUE
HG03781	0.1195253418041	TRUE
HG03782	0.120232911738558	TRUE
HG03784	0.134381448926242	TRUE
HG03785	0.117553518277265	TRUE
HG03786	0.13241487737845	TRUE
HG03787	0.140929574360655	TRUE
HG03788	0.126280278024767	TRUE
HG03789	0.143519037766059	TRUE
HG03790	0.121271747742976	TRUE
HG03792	0.136615517409692	TRUE
HG03793	0.111314874546103	TRUE
HG03796	0.106818484122782	TRUE
HG03800	0.13590954896489	TRUE
HG03802	0.1117781715223	TRUE
HG03803	0.13413441122122	TRUE
HG03805	0.112424560520632	TRUE
HG03808	0.103550787698839	TRUE
HG03809	0.115517131249149	TRUE
HG03812	0.111941341824958	TRUE
HG03814	0.105572367831438	TRUE
HG03815	0.119596730312712	TRUE
HG03817	0.142185371251779	TRUE
HG03821	0.136632236762551	TRUE
HG03823	0.133535626450658	TRUE
HG03824	0.110275767919009	TRUE
HG03826	0.129700387628446	TRUE
HG03829	0.13204267576723	TRUE
HG03830	0.133536938255356	TRUE
HG03832	0.124376822540643	TRUE
HG03833	0.107822241836671	TRUE
HG03836	0.166699139239387	TRUE
HG03837	0.136420920745567	TRUE
HG03838	0.11137619640489	TRUE
HG03844	0.141797025956245	TRUE
HG03846	0.11584790062452	TRUE
HG03848	0.128401327178339	TRUE
HG03849	0.125059222713896	TRUE
HG03850	0.139772415313888	TRUE
HG03851	0.14225603869236	TRUE
HG03854	0.104309480218415	TRUE
HG03856	0.141385068371897	TRUE
HG03857	0.116095068327272	TRUE
HG03858	0.14215850847265	TRUE
HG03861	0.154882553743238	TRUE
HG03862	0.127506903638017	TRUE
HG03863	0.137640897996367	TRUE
HG03864	0.124592548916992	TRUE
HG03867	0.125536323001628	TRUE
HG03868	0.125631611383233	TRUE
HG03869	0.10193875444878	TRUE
HG03870	0.108431039256868	TRUE
HG03871	0.138708071072732	TRUE
HG03872	0.135014060884443	TRUE
HG03874	0.117200594435928	TRUE
HG03875	0.133659973216263	TRUE
HG03882	0.13292360511826	TRUE
HG03884	0.129522036301592	TRUE
HG03885	0.115373017991696	TRUE
HG03886	0.128002693347751	TRUE
HG03887	0.105791538453195	TRUE
HG03888	0.1290910105721	TRUE
HG03890	0.127819396397794	TRUE
HG03894	0.138804345642063	TRUE
HG03895	0.175487330634191	TRUE
HG03896	0.160378765648175	TRUE
HG03897	0.134373382674348	TRUE
HG03898	0.190284944069948	TRUE
HG03900	0.114229459839069	TRUE
HG03902	0.122551696814644	TRUE
HG03905	0.105545962930589	TRUE
HG03907	0.110894499309885	TRUE
HG03908	0.109487866438306	TRUE
HG03910	0.102779971776286	TRUE
HG03911	0.100984176639434	TRUE
HG03913	0.125728710072318	TRUE
HG03914	0.117264182187711	TRUE
HG03916	0.134017744308048	TRUE
HG03917	0.0964060197965958	TRUE
HG03919	0.113973070597615	TRUE
HG03920	0.121755710155647	TRUE
HG03922	0.120124037224342	TRUE
HG03925	0.112355062471805	TRUE
HG03926	0.100024882470624	TRUE
HG03928	0.119772508475161	TRUE
HG03931	0.118725230145235	TRUE
HG03934	0.114692107368058	TRUE
HG03937	0.129707635422244	TRUE
HG03940	0.12504720571904	TRUE
HG03941	0.120125412958144	TRUE
HG03943	0.108626843689088	TRUE
HG03944	0.140468035112344	TRUE
HG03945	0.134878671459411	TRUE
HG03947	0.121737226442403	TRUE
HG03949	0.118854002792353	TRUE
HG03950	0.101267097147857	TRUE
HG03951	0.128523333959613	TRUE
HG03953	0.116501224972671	TRUE
HG03955	0.165339911365157	TRUE
HG03960	0.110205906693467	TRUE
HG03963	0.129237891862657	TRUE
HG03965	0.155223916148262	TRUE
HG03967	0.150631115664874	TRUE
HG03968	0.118575553275541	TRUE
HG03969	0.125581429763482	TRUE
HG03971	0.128192039094599	TRUE
HG03973	0.115649953846635	TRUE
HG03974	0.136980823453745	TRUE
HG03976	0.120965075678043	TRUE
HG03977	0.117089367884346	TRUE
HG03978	0.132169733287093	TRUE
HG03985	0.125637068610172	TRUE
HG03986	0.130882133924513	TRUE
HG03989	0.115929244301689	TRUE
HG03990	0.1332315496849	TRUE
HG03991	0.159993867335742	TRUE
HG03995	0.120669766182067	TRUE
HG03999	0.132354549845592	TRUE
HG04001	0.131830488938976	TRUE
HG04002	0.110787318050107	TRUE
HG04003	0.155581580798462	TRUE
HG04006	0.112583073555449	TRUE
HG04014	0.148621635519118	TRUE
HG04015	0.108165320963735	TRUE
HG04017	0.111825065767249	TRUE
HG04018	0.127597691495899	TRUE
HG04019	0.125806099914617	TRUE
HG04020	0.142553378610862	TRUE
HG04022	0.125888378115681	TRUE
HG04023	0.155358650884823	TRUE
HG04025	0.126231973363353	TRUE
HG04026	0.118917834460972	TRUE
HG04029	0.156502184985882	TRUE
HG04033	0.12790565622769	TRUE
HG04035	0.139283402443346	TRUE
HG04038	0.123442228345869	TRUE
HG04039	0.119823504989294	TRUE
HG04042	0.108753778602447	TRUE
HG04047	0.131137591092182	TRUE
HG04054	0.138830971490648	TRUE
HG04056	0.13605986692095	TRUE
HG04059	0.119450771637378	TRUE
HG04060	0.136173147305313	TRUE
HG04061	0.16069624646271	TRUE
HG04062	0.121850624676128	TRUE
HG04063	0.125214213537913	TRUE
HG04070	0.140478758017012	TRUE
HG04075	0.12007240772509	TRUE
HG04076	0.157004602149768	TRUE
HG04080	0.133697050908484	TRUE
HG04090	0.129028888278976	TRUE
HG04093	0.108484244190665	TRUE
HG04094	0.112285057312378	TRUE
HG04096	0.133655366276802	TRUE
HG04098	0.130874886559019	TRUE
HG04099	0.120174319918223	TRUE
HG04100	0.130604565863016	TRUE
HG04106	0.117623128426098	TRUE
HG04107	0.15526049748912	TRUE
HG04118	0.112370142083205	TRUE
HG04131	0.134208981748658	TRUE
HG04134	0.138644391885114	TRUE
HG04140	0.125574872654356	TRUE
HG04141	0.1143358549418	TRUE
HG04144	0.126772254053334	TRUE
HG04146	0.131536395371516	TRUE
HG04152	0.135741246991976	TRUE
HG04153	0.119813210803644	TRUE
HG04155	0.106270655679881	TRUE
HG04156	0.115302659007491	TRUE
HG04158	0.107399884826556	TRUE
HG04159	0.0934151800440458	TRUE
HG04164	0.132993870370771	TRUE
HG04171	0.113261475727935	TRUE
HG04173	0.115198848461979	TRUE
HG04176	0.108623889639475	TRUE
HG04177	0.122078079432426	TRUE
HG04180	0.110689417215313	TRUE
HG04182	0.121358187323777	TRUE
HG04183	0.126682526403805	TRUE
HG04185	0.126730180880945	TRUE
HG04186	0.124401954017856	TRUE
HG04188	0.122276487313901	TRUE
HG04189	0.114087256642568	TRUE
HG04194	0.134428587902982	TRUE
HG04195	0.104012648729721	TRUE
HG04198	0.11762108724198	TRUE
HG04200	0.139029059730137	TRUE
HG04202	0.105913421629353	TRUE
HG04206	0.127720817375414	TRUE
HG04209	0.128666278378313	TRUE
HG04210	0.103513497726407	TRUE
HG04211	0.155164063986535	TRUE
HG04212	0.129685495900047	TRUE
HG04214	0.164461141321068	TRUE
HG04216	0.148624910252643	TRUE
HG04219	0.128011410436608	TRUE
HG04222	0.127151098773616	TRUE
HG04225	0.142106462433192	TRUE
HG04227	0.123086132449354	TRUE
HG04229	0.132937175315712	TRUE
HG04235	0.138642515547149	TRUE
HG04238	0.130330389364134	TRUE
HG04239	0.120040729307122	TRUE
NA06984	0.137981864621585	TRUE
NA06985	0.104437087226926	TRUE
NA06986	0.156521758333954	TRUE
NA06989	0.133260756028971	TRUE
NA06994	0.119014807161376	TRUE
NA07000	0.194539030269261	TRUE
NA07037	0.119667873584004	TRUE
NA07048	0.131564842630997	TRUE
NA07051	0.149253341215372	TRUE
NA07056	0.111812919926112	TRUE
NA07347	0.124077607382074	TRUE
NA07357	0.112487159935446	TRUE
NA10847	0.141043015423799	TRUE
NA10851	0.11341605948143	TRUE
NA11829	0.174549017886092	TRUE
NA11830	0.131755990873453	TRUE
NA11831	0.165680966492683	TRUE
NA11832	0.118996014501043	TRUE
NA11840	0.154585460431346	TRUE
NA11843	0.123396073949841	TRUE
NA11881	0.15792366161838	TRUE
NA11892	0.140812240406885	TRUE
NA11893	0.116326802232876	TRUE
NA11894	0.116363161501863	TRUE
NA11918	0.158720921276111	TRUE
NA11919	0.135643385971618	TRUE
NA11920	0.113770486615947	TRUE
NA11930	0.145731476486815	TRUE
NA11931	0.115975129451241	TRUE
NA11933	0.10883429734094	TRUE
NA11992	0.1447188722212	TRUE
NA11994	0.118386795341605	TRUE
NA11995	0.119429075345545	TRUE
NA12003	0.167617644900611	TRUE
NA12004	0.144839056778644	TRUE
NA12005	0.109434445690728	TRUE
NA12006	0.106416827045216	TRUE
NA12043	0.125633325024139	TRUE
NA12044	0.130480741207971	TRUE
NA12045	0.120900132903793	TRUE
NA12046	0.115603427225569	TRUE
NA12058	0.113985195934934	TRUE
NA12144	0.179091753260226	TRUE
NA12154	0.121692259015444	TRUE
NA12155	0.125257984805158	TRUE
NA12156	0.137428583575193	TRUE
NA12234	0.119610856198628	TRUE
NA12249	0.15169231923041	TRUE
NA12272	0.15959392846147	TRUE
NA12273	0.165394596697065	TRUE
NA12275	0.186844942208387	TRUE
NA12282	0.136026432225865	TRUE
NA12283	0.108667653850047	TRUE
NA12286	0.17985707376321	TRUE
NA12287	0.157458685298417	TRUE
NA12340	0.122951415803811	TRUE
NA12341	0.119945684485184	TRUE
NA12342	0.129559946575225	TRUE
NA12347	0.147509693303168	TRUE
NA12348	0.126724039703239	TRUE
NA12399	0.121087228284571	TRUE
NA12400	0.120402135142525	TRUE
NA12413	0.15773452889985	TRUE
NA12414	0.141785851173213	TRUE
NA12489	0.119621969388184	TRUE
NA12546	0.111592988918223	TRUE
NA12716	0.137640651115883	TRUE
NA12717	0.123430035542508	TRUE
NA12718	0.106851792695897	TRUE
NA12748	0.118267021126442	TRUE
NA12749	0.131416367567492	TRUE
NA12750	0.119579693872319	TRUE
NA12751	0.128510048998315	TRUE
NA12760	0.10831259211466	TRUE
NA12761	0.14071521973928	TRUE
NA12762	0.137513216180162	TRUE
NA12763	0.155469275039403	TRUE
NA12775	0.121845327013683	TRUE
NA12776	0.124226513898281	TRUE
NA12777	0.127501706384423	TRUE
NA12778	0.116875127618897	TRUE
NA12812	0.102669954831508	TRUE
NA12813	0.167559327801274	TRUE
NA12814	0.133352989308605	TRUE
NA12815	0.149267536342882	TRUE
NA12827	0.114864008161637	TRUE
NA12828	0.134718103867078	TRUE
NA12829	0.130097057313687	TRUE
NA12830	0.138655020396179	TRUE
NA12842	0.10696086810621	TRUE
NA12843	0.139777447905184	TRUE
NA12872	0.121863953651289	TRUE
NA12873	0.128947448927294	TRUE
NA12874	0.128866484562554	TRUE
NA12878	0.129582679348837	TRUE
NA12889	0.190106254825101	TRUE
NA12890	0.146186565394203	TRUE
NA18486	0.250433925018211	TRUE
NA18488	0.190167708254909	TRUE
NA18489	0.196540282023695	TRUE
NA18498	0.175155625700816	TRUE
NA18499	0.175933593553061	TRUE
NA18501	0.203958432597349	TRUE
NA18502	0.207838591776454	TRUE
NA18504	0.154126938617468	TRUE
NA18505	0.131737922713725	TRUE
NA18507	0.160070740859995	TRUE
NA18508	0.164642850256975	TRUE
NA18510	0.199340574236211	TRUE
NA18511	0.15999824521197	TRUE
NA18516	0.185372642989121	TRUE
NA18517	0.177307601967247	TRUE
NA18519	0.180678855689532	TRUE
NA18520	0.15194193327606	TRUE
NA18522	0.160615021932232	TRUE
NA18523	0.178664658354229	TRUE
NA18525	0.105037540155122	TRUE
NA18526	0.0797096913733532	TRUE
NA18528	0.10978812317961	TRUE
NA18530	0.102270776581656	TRUE
NA18531	0.0927790226903356	TRUE
NA18532	0.11788032958465	TRUE
NA18533	0.10140077959137	TRUE
NA18534	0.109259451265665	TRUE
NA18535	0.116028924264275	TRUE
NA18536	0.0904607547479307	TRUE
NA18537	0.108807164851912	TRUE
NA18538	0.129878941371775	TRUE
NA18539	0.0994530092055046	TRUE
NA18541	0.0991439649332985	TRUE
NA18542	0.117362641998023	TRUE
NA18543	0.106444694527297	TRUE
NA18544	0.093922502497124	TRUE
NA18545	0.110691060274943	TRUE
NA18546	0.0915106240733352	TRUE
NA18547	0.0997705365561384	TRUE
NA18548	0.0868409514629169	TRUE
NA18549	0.0882348001513608	TRUE
NA18550	0.122537703460925	TRUE
NA18552	0.109792179265762	TRUE
NA18553	0.167006746345338	TRUE
NA18555	0.123374971361359	TRUE
NA18557	0.0952962194783215	TRUE
NA18558	0.130878126526297	TRUE
NA18559	0.113704098826517	TRUE
NA18560	0.0863019517658244	TRUE
NA18561	0.10498215871272	TRUE
NA18562	0.099898110745221	TRUE
NA18563	0.10511059714832	TRUE
NA18564	0.0983231630808873	TRUE
NA18565	0.104097363232214	TRUE
NA18566	0.112657978812667	TRUE
NA18567	0.109383363683937	TRUE
NA18570	0.102580476804536	TRUE
NA18571	0.110791284960537	TRUE
NA18572	0.108472497614009	TRUE
NA18573	0.108185927940602	TRUE
NA18574	0.0943809316743034	TRUE
NA18577	0.111024672987641	TRUE
NA18579	0.108851012623491	TRUE
NA18582	0.0940250783219134	TRUE
NA18591	0.102528860486645	TRUE
NA18592	0.118596376257282	TRUE
NA18593	0.116673386056434	TRUE
NA18595	0.0946839390536438	TRUE
NA18596	0.101076443594072	TRUE
NA18597	0.0938801786012204	TRUE
NA18599	0.0957468469948687	TRUE
NA18602	0.107735641271951	TRUE
NA18603	0.110920753777976	TRUE
NA18605	0.0947993289668196	TRUE
NA18606	0.0968377144020215	TRUE
NA18608	0.092764364224161	TRUE
NA18609	0.103353051030304	TRUE
NA18610	0.0930378046636858	TRUE
NA18611	0.127036582693855	TRUE
NA18612	0.0841137849412806	TRUE
NA18613	0.106102491734737	TRUE
NA18614	0.0979832779252301	TRUE
NA18615	0.121712953550695	TRUE
NA18616	0.0984379845325543	TRUE
NA18617	0.098944020921553	TRUE
NA18618	0.110896255354852	TRUE
NA18619	0.103394817957064	TRUE
NA18620	0.112757947005423	TRUE
NA18621	0.0921907707227022	TRUE
NA18622	0.120360260016822	TRUE
NA18623	0.111216123882461	TRUE
NA18624	0.0932668742705477	TRUE
NA18625	0.0953827983961161	TRUE
NA18626	0.115040931504333	TRUE
NA18627	0.0966939556112915	TRUE
NA18628	0.127448106003366	TRUE
NA18629	0.0969135494088788	TRUE
NA18630	0.114727493924559	TRUE
NA18631	0.113125224981461	TRUE
NA18632	0.112212302923899	TRUE
NA18633	0.113503781181859	TRUE
NA18634	0.095616710847564	TRUE
NA18635	0.102314828135354	TRUE
NA18636	0.107639774283075	TRUE
NA18637	0.110300325380861	TRUE
NA18638	0.0827037992699708	TRUE
NA18639	0.109491813796212	TRUE
NA18640	0.138680914051785	TRUE
NA18641	0.110990884616864	TRUE
NA18642	0.121370914180324	TRUE
NA18643	0.11981186395969	TRUE
NA18644	0.115492677228872	TRUE
NA18645	0.10710301476535	TRUE
NA18646	0.103864549102987	TRUE
NA18647	0.0862347622809164	TRUE
NA18648	0.0926132239389565	TRUE
NA18740	0.115028778037109	TRUE
NA18745	0.107156728171573	TRUE
NA18747	0.089016117606115	TRUE
NA18748	0.097749164338426	TRUE
NA18749	0.105078341670052	TRUE
NA18757	0.0968725705805045	TRUE
NA18853	0.163062948356366	TRUE
NA18856	0.167527150924222	TRUE
NA18858	0.148601563335062	TRUE
NA18861	0.162235490631958	TRUE
NA18864	0.170930846144313	TRUE
NA18865	0.165881008933779	TRUE
NA18867	0.179910467082515	TRUE
NA18868	0.281222458591181	TRUE
NA18870	0.182595652793346	TRUE
NA18871	0.159249904490052	TRUE
NA18873	0.167993166557913	TRUE
NA18874	0.195193617270686	TRUE
NA18876	0.232226237289109	TRUE
NA18877	0.183279381505995	TRUE
NA18878	0.194713745950242	TRUE
NA18879	0.180434992624872	TRUE
NA18881	0.196146960161281	TRUE
NA18907	0.154664269864439	TRUE
NA18908	0.150962982035506	TRUE
NA18909	0.163049029177395	TRUE
NA18910	0.13895173664504	TRUE
NA18912	0.197359795266302	TRUE
NA18915	0.145738924843838	TRUE
NA18916	0.15587843904525	TRUE
NA18917	0.20560889179202	TRUE
NA18923	0.223627667480802	TRUE
NA18924	0.164847219899064	TRUE
NA18933	0.153762904198781	TRUE
NA18934	0.211025240296538	TRUE
NA18939	0.0904918075647742	TRUE
NA18940	0.0997588652103008	TRUE
NA18941	0.091149896668694	TRUE
NA18942	0.0876886362272872	TRUE
NA18943	0.126330338197458	TRUE
NA18944	0.0949396975554136	TRUE
NA18945	0.0970273622142795	TRUE
NA18946	0.0911859582939232	TRUE
NA18947	0.0888215803494443	TRUE
NA18948	0.120811572445598	TRUE
NA18949	0.105247431481215	TRUE
NA18950	0.0985292555989016	TRUE
NA18951	0.112028356501885	TRUE
NA18952	0.100141849978811	TRUE
NA18953	0.0979725043113188	TRUE
NA18954	0.161592227306889	TRUE
NA18956	0.0947480399283452	TRUE
NA18957	0.106972271875735	TRUE
NA18959	0.0938215824647323	TRUE
NA18960	0.09772071587411	TRUE
NA18961	0.105713621930197	TRUE
NA18962	0.087068039097783	TRUE
NA18963	0.0902245149467009	TRUE
NA18964	0.105927802979727	TRUE
NA18965	0.107625512905125	TRUE
NA18966	0.101657849132405	TRUE
NA18967	0.114109687804526	TRUE
NA18968	0.133888015038658	TRUE
NA18969	0.0876152034019763	TRUE
NA18970	0.090607062581764	TRUE
NA18971	0.102770151574868	TRUE
NA18972	0.106686139569942	TRUE
NA18973	0.0910495858073162	TRUE
NA18974	0.086572387174978	TRUE
NA18975	0.0971173694442326	TRUE
NA18976	0.368330818475684	TRUE
NA18977	0.0956876252955799	TRUE
NA18978	0.116711003878532	TRUE
NA18979	0.12554661179741	TRUE
NA18980	0.117504926993612	TRUE
NA18981	0.105870917226555	TRUE
NA18982	0.108138297856898	TRUE
NA18983	0.0954648026037365	TRUE
NA18984	0.116070837182211	TRUE
NA18985	0.102033631002374	TRUE
NA18986	0.0925225620552765	TRUE
NA18987	0.105594966420211	TRUE
NA18988	0.10215434574822	TRUE
NA18989	0.107549052650291	TRUE
NA18990	0.0985649636190242	TRUE
NA18991	0.0945348808361644	TRUE
NA18992	0.12699616456249	TRUE
NA18993	0.0990588919328928	TRUE
NA18994	0.100029594892953	TRUE
NA18995	0.0989625159732948	TRUE
NA18997	0.0841985863298718	TRUE
NA18998	0.118410262071003	TRUE
NA18999	0.0942902327541253	TRUE
NA19000	0.11087291997494	TRUE
NA19001	0.123234454668389	TRUE
NA19002	0.0840887594422616	TRUE
NA19003	0.0954289052858076	TRUE
NA19004	0.0810535165665011	TRUE
NA19005	0.120953855902105	TRUE
NA19006	0.0852220230777085	TRUE
NA19007	0.103368633540596	TRUE
NA19009	0.104266576461944	TRUE
NA19010	0.0866840973724181	TRUE
NA19011	0.105979688226878	TRUE
NA19012	0.0993367623267327	TRUE
NA19017	0.141528687195214	TRUE
NA19019	0.206431033092073	TRUE
NA19020	0.169359731994413	TRUE
NA19023	0.176079947798959	TRUE
NA19024	0.163874515553712	TRUE
NA19026	0.229553672681091	TRUE
NA19027	0.257833834872136	TRUE
NA19028	0.189557383493805	TRUE
NA19030	0.187826439301436	TRUE
NA19031	0.157816909084538	TRUE
NA19035	0.146751302400733	TRUE
NA19036	0.232934905304028	TRUE
NA19038	0.169984828321427	TRUE
NA19041	0.142341394739677	TRUE
NA19043	0.170839975929425	TRUE
NA19054	0.0999998665178611	TRUE
NA19055	0.098845660770491	TRUE
NA19056	0.130559679920912	TRUE
NA19057	0.0815817761300676	TRUE
NA19058	0.106777626551609	TRUE
NA19059	0.0987964714926541	TRUE
NA19060	0.110671749531258	TRUE
NA19062	0.135198694494323	TRUE
NA19063	0.108095157258881	TRUE
NA19064	0.110757019011241	TRUE
NA19065	0.123132126820427	TRUE
NA19066	0.0983814263844819	TRUE
NA19067	0.0840331440913417	TRUE
NA19068	0.103105259141814	TRUE
NA19070	0.108938948079388	TRUE
NA19072	0.112503546193237	TRUE
NA19074	0.0837704860657732	TRUE
NA19075	0.123395757922219	TRUE
NA19076	0.093773904992876	TRUE
NA19077	0.112344582083475	TRUE
NA19078	0.106226300488772	TRUE
NA19079	0.12036274093434	TRUE
NA19080	0.0974720534441344	TRUE
NA19081	0.0988989377110224	TRUE
NA19082	0.0867258079898132	TRUE
NA19083	0.0964018881489719	TRUE
NA19084	0.103904282973282	TRUE
NA19085	0.103097341422314	TRUE
NA19086	0.11243801492615	TRUE
NA19087	0.123850438507225	TRUE
NA19088	0.113500482686749	TRUE
NA19089	0.0885270411873366	TRUE
NA19090	0.104683844928111	TRUE
NA19091	0.0983099284783407	TRUE
NA19092	0.207527764415181	TRUE
NA19093	0.186982492334476	TRUE
NA19095	0.189664722873777	TRUE
NA19096	0.175319920304815	TRUE
NA19098	0.18770433987472	TRUE
NA19099	0.172620079408875	TRUE
NA19102	0.205562857334364	TRUE
NA19107	0.230037270470046	TRUE
NA19108	0.174980810711195	TRUE
NA19113	0.160856490231533	TRUE
NA19114	0.176558630687461	TRUE
NA19116	0.156168097896544	TRUE
NA19117	0.225182318365141	TRUE
NA19118	0.166451502179947	TRUE
NA19119	0.199257514831228	TRUE
NA19121	0.181985224752399	TRUE
NA19129	0.172461180875582	TRUE
NA19130	0.168556961683636	TRUE
NA19131	0.178553256240593	TRUE
NA19137	0.191960883154689	TRUE
NA19138	0.169625788144155	TRUE
NA19141	0.184023227813464	TRUE
NA19143	0.162731840251768	TRUE
NA19144	0.145531681539742	TRUE
NA19146	0.170129005143162	TRUE
NA19147	0.166419667233263	TRUE
NA19149	0.205684398328123	TRUE
NA19152	0.168951424156186	TRUE
NA19153	0.175067717402992	TRUE
NA19159	0.161232991132858	TRUE
NA19160	0.157738319351319	TRUE
NA19171	0.179557240936352	TRUE
NA19172	0.158035003383964	TRUE
NA19175	0.165445411671497	TRUE
NA19184	0.152410367132671	TRUE
NA19185	0.175042931503163	TRUE
NA19189	0.191817365916432	TRUE
NA19190	0.1491072481541	TRUE
NA19197	0.216416543387706	TRUE
NA19198	0.225995401070743	TRUE
NA19200	0.182133723833702	TRUE
NA19201	0.218201480383525	TRUE
NA19204	0.187564388564625	TRUE
NA19206	0.201638190771219	TRUE
NA19207	0.202117621825566	TRUE
NA19209	0.167961989178875	TRUE
NA19210	0.209099655754452	TRUE
NA19213	0.196718421579944	TRUE
NA19214	0.171598652679099	TRUE
NA19222	0.199841410663853	TRUE
NA19223	0.146669862825225	TRUE
NA19225	0.176686457109235	TRUE
NA19235	0.198132285409747	TRUE
NA19236	0.174068676948457	TRUE
NA19238	0.247840489316583	TRUE
NA19239	0.18884488299423	TRUE
NA19247	0.14999273555645	TRUE
NA19248	0.193561293087788	TRUE
NA19256	0.16859623721294	TRUE
NA19257	0.156102016558132	TRUE
NA19308	0.250041668820044	TRUE
NA19309	0.188928017694293	TRUE
NA19310	0.192519722955452	TRUE
NA19314	0.188259368045371	TRUE
NA19315	0.134399213028621	TRUE
NA19316	0.148733679227487	TRUE
NA19317	0.238114568461879	TRUE
NA19318	0.266917766461168	TRUE
NA19319	0.18032265758728	TRUE
NA19321	0.157341533455209	TRUE
NA19323	0.237447017594454	TRUE
NA19324	0.184157313272369	TRUE
NA19327	0.16142781934959	TRUE
NA19328	0.205881157581045	TRUE
NA19331	0.157573811179964	TRUE
NA19332	0.198501551899115	TRUE
NA19338	0.169268365974196	TRUE
NA19347	0.271705105465453	TRUE
NA19350	0.250496151097924	TRUE
NA19351	0.206265112596501	TRUE
NA19360	0.157846990737711	TRUE
NA19372	0.224445940179896	TRUE
NA19374	0.172448424738946	TRUE
NA19375	0.349335019061001	TRUE
NA19376	0.711380307258885	FALSE
NA19377	0.135639432635361	TRUE
NA19378	0.183940961264586	TRUE
NA19379	0.185332794628076	TRUE
NA19380	0.19279788435497	TRUE
NA19383	0.183579083918515	TRUE
NA19385	0.237545210625174	TRUE
NA19390	0.170234798998345	TRUE
NA19391	0.19407108184446	TRUE
NA19393	0.284466030246539	TRUE
NA19394	0.222243547204338	TRUE
NA19397	0.322405488733097	TRUE
NA19399	0.182617336136459	TRUE
NA19401	0.181219288920278	TRUE
NA19403	0.160100990396733	TRUE
NA19404	0.16958201789578	TRUE
NA19428	0.162360474953677	TRUE
NA19429	0.210955156767358	TRUE
NA19431	0.156968731272961	TRUE
NA19435	0.161174699495425	TRUE
NA19436	0.25656515245897	TRUE
NA19437	0.172199265939303	TRUE
NA19438	0.209448068058719	TRUE
NA19439	0.154755838246788	TRUE
NA19440	0.20297726636149	TRUE
NA19443	0.167768183059293	TRUE
NA19445	0.178279043942419	TRUE
NA19446	0.165583269405771	TRUE
NA19448	0.196484693797307	TRUE
NA19449	0.225795401853184	TRUE
NA19451	0.16818539238853	TRUE
NA19454	0.141855385653987	TRUE
NA19455	0.137360757439432	TRUE
NA19456	0.145732888930594	TRUE
NA19457	0.208769563550808	TRUE
NA19461	0.194737699794011	TRUE
NA19462	0.133035830857565	TRUE
NA19463	0.170657077929877	TRUE
NA19466	0.167271879955899	TRUE
NA19467	0.22254860453786	TRUE
NA19468	0.142383134149751	TRUE
NA19471	0.163643292866424	TRUE
NA19472	0.183357392385908	TRUE
NA19473	0.162300252292691	TRUE
NA19474	0.183199194678439	TRUE
NA19475	0.221671974572598	TRUE
NA19625	0.315198699364366	TRUE
NA19648	0.14486240521096	TRUE
NA19649	0.178336672762938	TRUE
NA19651	0.146414904380727	TRUE
NA19652	0.152158185806833	TRUE
NA19654	0.143569233210422	TRUE
NA19655	0.172794909692712	TRUE
NA19658	0.168748239726279	TRUE
NA19663	0.148649385938298	TRUE
NA19664	0.130145489600891	TRUE
NA19669	0.120170479538541	TRUE
NA19670	0.107889337332491	TRUE
NA19676	0.159650084446425	TRUE
NA19678	0.206022150757155	TRUE
NA19679	0.139972293600179	TRUE
NA19681	0.125653367319172	TRUE
NA19682	0.125748408868703	TRUE
NA19684	0.252660000734154	TRUE
NA19700	0.200910101774143	TRUE
NA19701	0.183396514703422	TRUE
NA19703	0.233923389877622	TRUE
NA19704	0.19389748784789	TRUE
NA19707	0.201265327381717	TRUE
NA19711	0.184199789703961	TRUE
NA19712	0.204333173290157	TRUE
NA19713	0.190264884136566	TRUE
NA19716	0.143184275128271	TRUE
NA19717	0.161608423968418	TRUE
NA19719	0.172183465444956	TRUE
NA19720	0.150184418911597	TRUE
NA19722	0.117082247498996	TRUE
NA19723	0.167412545817656	TRUE
NA19725	0.173432036325325	TRUE
NA19726	0.131210072141471	TRUE
NA19728	0.17381236646103	TRUE
NA19729	0.144303528661268	TRUE
NA19731	0.149593315141671	TRUE
NA19732	0.145103797180738	TRUE
NA19734	0.135941773535476	TRUE
NA19735	0.13262637524332	TRUE
NA19740	0.134490333770182	TRUE
NA19741	0.132021751297669	TRUE
NA19746	0.170707684293274	TRUE
NA19747	0.1332377930435	TRUE
NA19749	0.173199962995752	TRUE
NA19750	0.188103665607962	TRUE
NA19755	0.142677036018425	TRUE
NA19756	0.166062341618483	TRUE
NA19758	0.148479774574255	TRUE
NA19759	0.148520154227221	TRUE
NA19761	0.14089689770092	TRUE
NA19762	0.144111518410497	TRUE
NA19764	0.166704172675396	TRUE
NA19770	0.181737068066341	TRUE
NA19771	0.14353266524482	TRUE
NA19773	0.136963299289489	TRUE
NA19774	0.15581467664265	TRUE
NA19776	0.151672645465027	TRUE
NA19777	0.163994802106659	TRUE
NA19779	0.130878525561339	TRUE
NA19780	0.16541184499226	TRUE
NA19782	0.135077744298335	TRUE
NA19783	0.138582798538387	TRUE
NA19785	0.153170689552131	TRUE
NA19788	0.140625700006403	TRUE
NA19789	0.174861353626979	TRUE
NA19792	0.137593588993156	TRUE
NA19794	0.150933170198653	TRUE
NA19795	0.164139805852524	TRUE
NA19818	0.195706142806252	TRUE
NA19819	0.188409696549364	TRUE
NA19834	0.220968321142669	TRUE
NA19835	0.299144136878156	TRUE
NA19900	0.216025985876218	TRUE
NA19901	0.18538163013425	TRUE
NA19904	0.173089945535318	TRUE
NA19908	0.154197179815803	TRUE
NA19909	0.178430005737882	TRUE
NA19914	0.231938824016069	TRUE
NA19916	0.25528376952339	TRUE
NA19917	0.205529560089259	TRUE
NA19920	0.200811372741878	TRUE
NA19921	0.255507052530714	TRUE
NA19922	0.178631094028274	TRUE
NA19923	0.175026799104444	TRUE
NA19982	0.218879343171697	TRUE
NA19984	0.215067115224095	TRUE
NA20126	0.210851540476035	TRUE
NA20127	0.182434794870492	TRUE
NA20276	0.170584936803297	TRUE
NA20278	0.204431954502126	TRUE
NA20281	0.216223292546526	TRUE
NA20282	0.192383694163023	TRUE
NA20287	0.174382478100362	TRUE
NA20289	0.175011254086616	TRUE
NA20291	0.228315201232337	TRUE
NA20294	0.16527039982884	TRUE
NA20296	0.190272075756388	TRUE
NA20298	0.168879438123564	TRUE
NA20299	0.25722443816216	TRUE
NA20314	0.232280558842355	TRUE
NA20317	0.169583461062435	TRUE
NA20320	0.17659229009988	TRUE
NA20332	0.182006945511002	TRUE
NA20334	0.218627344498553	TRUE
NA20339	0.246433374903566	TRUE
NA20340	0.262735245693256	TRUE
NA20342	0.191368846404445	TRUE
NA20346	0.241504627354377	TRUE
NA20348	0.202277066455126	TRUE
NA20351	0.241132185247677	TRUE
NA20356	0.152624417840406	TRUE
NA20357	0.158713238813939	TRUE
NA20359	0.179208108531971	TRUE
NA20412	0.195512890453932	TRUE
NA20502	0.119243422497954	TRUE
NA20503	0.112823665765784	TRUE
NA20504	0.122380282256007	TRUE
NA20505	0.162176580804005	TRUE
NA20506	0.119927383005825	TRUE
NA20507	0.134054312146301	TRUE
NA20508	0.120518444581201	TRUE
NA20509	0.147877453497752	TRUE
NA20510	0.183522321699509	TRUE
NA20511	0.146483206180248	TRUE
NA20512	0.163029570894613	TRUE
NA20513	0.135209582380229	TRUE
NA20514	0.136559639806952	TRUE
NA20515	0.108060507614644	TRUE
NA20516	0.113239639301208	TRUE
NA20517	0.135607437635936	TRUE
NA20518	0.151396037486355	TRUE
NA20519	0.150470654957982	TRUE
NA20520	0.121058776118821	TRUE
NA20521	0.116165911959782	TRUE
NA20522	0.132174511980583	TRUE
NA20524	0.120060879682445	TRUE
NA20525	0.118044535243756	TRUE
NA20527	0.14234753848487	TRUE
NA20528	0.150988796596595	TRUE
NA20529	0.150220139260744	TRUE
NA20530	0.114063755914584	TRUE
NA20531	0.18089878039549	TRUE
NA20532	0.126076629423554	TRUE
NA20533	0.135858361566213	TRUE
NA20534	0.1077526346551	TRUE
NA20535	0.133504924277039	TRUE
NA20536	0.120715770262064	TRUE
NA20538	0.161466237669034	TRUE
NA20539	0.128076151750713	TRUE
NA20540	0.12637103981006	TRUE
NA20541	0.115345024938202	TRUE
NA20542	0.119292127715293	TRUE
NA20543	0.114486624792668	TRUE
NA20544	0.124291237526951	TRUE
NA20581	0.136201610833864	TRUE
NA20582	0.164057415892323	TRUE
NA20585	0.136356244951999	TRUE
NA20586	0.122989320264025	TRUE
NA20587	0.122983824926402	TRUE
NA20588	0.113548820260524	TRUE
NA20589	0.139211122490918	TRUE
NA20752	0.126604239387613	TRUE
NA20753	0.103961672063506	TRUE
NA20754	0.162165067693251	TRUE
NA20755	0.153666999579563	TRUE
NA20756	0.168128075433655	TRUE
NA20757	0.11598123671391	TRUE
NA20758	0.134528399712792	TRUE
NA20759	0.109960999503588	TRUE
NA20760	0.140223353493462	TRUE
NA20761	0.140900144197545	TRUE
NA20762	0.1150977589935	TRUE
NA20763	0.116313589296642	TRUE
NA20764	0.150641273636693	TRUE
NA20765	0.134501910748133	TRUE
NA20766	0.139090378056712	TRUE
NA20767	0.127568077897027	TRUE
NA20768	0.122533800737165	TRUE
NA20769	0.114272233386668	TRUE
NA20770	0.150499657090638	TRUE
NA20771	0.122934936884564	TRUE
NA20772	0.137180510246042	TRUE
NA20773	0.11330529261727	TRUE
NA20774	0.156321622656004	TRUE
NA20775	0.142445592131624	TRUE
NA20778	0.145950195484498	TRUE
NA20783	0.131844516043018	TRUE
NA20785	0.136688374993483	TRUE
NA20786	0.128525310017298	TRUE
NA20787	0.132575003551741	TRUE
NA20790	0.145753811152869	TRUE
NA20792	0.111599115831324	TRUE
NA20795	0.159396646992941	TRUE
NA20796	0.121524852771904	TRUE
NA20797	0.133507284800246	TRUE
NA20798	0.132937372316783	TRUE
NA20799	0.160656931530173	TRUE
NA20800	0.128740883349744	TRUE
NA20801	0.11393458907325	TRUE
NA20802	0.171377585536111	TRUE
NA20803	0.120463358088783	TRUE
NA20804	0.131647435093286	TRUE
NA20805	0.131298334920289	TRUE
NA20806	0.146064990533726	TRUE
NA20807	0.144128711755599	TRUE
NA20808	0.122314111901408	TRUE
NA20809	0.136150951690536	TRUE
NA20810	0.123923883483748	TRUE
NA20811	0.120762451593851	TRUE
NA20812	0.150887963559785	TRUE
NA20813	0.126867903356155	TRUE
NA20814	0.138608099135637	TRUE
NA20815	0.129481256661504	TRUE
NA20818	0.153850913839561	TRUE
NA20819	0.130961688260945	TRUE
NA20821	0.175612738025499	TRUE
NA20822	0.117832744397636	TRUE
NA20826	0.147763711791416	TRUE
NA20827	0.150146717110686	TRUE
NA20828	0.146063935519323	TRUE
NA20832	0.118304801897599	TRUE
NA20845	0.119565240154728	TRUE
NA20846	0.164137673396608	TRUE
NA20847	0.133674135398821	TRUE
NA20849	0.120246169927726	TRUE
NA20850	0.143834028763445	TRUE
NA20851	0.147676633038812	TRUE
NA20852	0.138803429867919	TRUE
NA20853	0.119945920403446	TRUE
NA20854	0.144020472393334	TRUE
NA20856	0.127249923260903	TRUE
NA20858	0.128661354536124	TRUE
NA20859	0.114845512400922	TRUE
NA20861	0.115089805881707	TRUE
NA20862	0.16578130863647	TRUE
NA20863	0.119013508314247	TRUE
NA20866	0.198388038282931	TRUE
NA20867	0.132645965790369	TRUE
NA20868	0.126044565460405	TRUE
NA20869	0.109028095412509	TRUE
NA20870	0.131449498549492	TRUE
NA20872	0.120420041623357	TRUE
NA20874	0.128012868385937	TRUE
NA20875	0.116446937074164	TRUE
NA20876	0.132071528332464	TRUE
NA20877	0.1925483075631	TRUE
NA20878	0.12746162748619	TRUE
NA20881	0.127867396687799	TRUE
NA20882	0.120628450565537	TRUE
NA20884	0.14322357325262	TRUE
NA20885	0.11118166722895	TRUE
NA20886	0.142557009522174	TRUE
NA20887	0.133730410347085	TRUE
NA20888	0.121372955177699	TRUE
NA20889	0.123944141497464	TRUE
NA20890	0.124874660379666	TRUE
NA20892	0.120915446086201	TRUE
NA20894	0.124264926220458	TRUE
NA20895	0.143796177849638	TRUE
NA20896	0.115540681186509	TRUE
NA20897	0.141162332507631	TRUE
NA20899	0.124759146360046	TRUE
NA20901	0.139030686306232	TRUE
NA20902	0.157072492284092	TRUE
NA20903	0.127931585420897	TRUE
NA20904	0.118766262073842	TRUE
NA20905	0.164582251981993	TRUE
NA20906	0.122254118886397	TRUE
NA20908	0.126844688299788	TRUE
NA20910	0.119991520640747	TRUE
NA20911	0.185538890700763	TRUE
NA21086	0.141713788088748	TRUE
NA21087	0.142818276642108	TRUE
NA21088	0.138776815402052	TRUE
NA21089	0.13689461318176	TRUE
NA21090	0.11425175520636	TRUE
NA21091	0.133619962750273	TRUE
NA21092	0.117557403063059	TRUE
NA21093	0.131739184711231	TRUE
NA21094	0.139187216818229	TRUE
NA21095	0.164467479972717	TRUE
NA21097	0.131693995357173	TRUE
NA21098	0.105686681096378	TRUE
NA21099	0.111177619563121	TRUE
NA21100	0.130874567899616	TRUE
NA21101	0.165673764229638	TRUE
NA21102	0.118634613319749	TRUE
NA21103	0.118026981682945	TRUE
NA21104	0.119089248995393	TRUE
NA21105	0.213856946222768	TRUE
NA21106	0.109292288197212	TRUE
NA21107	0.115149429253003	TRUE
NA21108	0.161621940660999	TRUE
NA21109	0.113125360337678	TRUE
NA21110	0.107273943355736	TRUE
NA21111	0.116639526014196	TRUE
NA21112	0.121865826750127	TRUE
NA21113	0.0999535289355375	TRUE
NA21114	0.154281748067463	TRUE
NA21115	0.143377613919544	TRUE
NA21116	0.151255637850963	TRUE
NA21117	0.178453581221409	TRUE
NA21118	0.127539267500079	TRUE
NA21119	0.142174557998094	TRUE
NA21120	0.126181035045958	TRUE
NA21122	0.133308286607776	TRUE
NA21123	0.11231980734457	TRUE
NA21124	0.111742196609155	TRUE
NA21125	0.130844166624843	TRUE
NA21126	0.120680881556471	TRUE
NA21127	0.109156183854862	TRUE
NA21128	0.121394500653392	TRUE
NA21129	0.0988090477992224	TRUE
NA21130	0.157129507204319	TRUE
NA21133	0.138410451928989	TRUE
NA21137	0.136224144792682	TRUE
NA21141	0.120568054989189	TRUE
NA21142	0.120192147781536	TRUE
NA21143	0.132302181467845	TRUE
NA21144	0.158259868586818	TRUE
